run_id,scraped_at,platform,country,city,address_id,full_address,zone_type,chain_name,store_name,store_available,product_name,product_canonical,product_price,delivery_fee,service_fee,discount_visible,discount_amount,discount_label,eta_min,eta_max,subtotal,final_total,currency,screenshot_path,status,error_message,page_label
20260323_223639_demo,2026-03-23T19:53:39.119276,rappi,MX,Ciudad de México,CDMX_01,"Presidente Masaryk 290, Polanco, Miguel Hidalgo, CDMX",premium,mcdonalds,McDonald's (via Rappi),True,Big Mac,Big Mac,109.14,31.48,10.14,True,,20% descuento,16,26,109.14,150.76,MXN,data/screenshots/rappi_CDMX_01_store_page.png,success,,store_page
20260323_223639_demo,2026-03-23T19:53:39.119276,rappi,MX,Ciudad de México,CDMX_01,"Presidente Masaryk 290, Polanco, Miguel Hidalgo, CDMX",premium,mcdonalds,McDonald's (via Rappi),True,McTrio Big Mac Mediano,McTrio Big Mac Mediano,212.53,31.48,16.01,True,,20% descuento,16,26,212.53,260.02,MXN,data/screenshots/rappi_CDMX_01_store_page.png,success,,store_page
20260323_223639_demo,2026-03-23T19:53:39.119276,rappi,MX,Ciudad de México,CDMX_01,"Presidente Masaryk 290, Polanco, Miguel Hidalgo, CDMX",premium,mcdonalds,McDonald's (via Rappi),True,McNuggets 10 piezas,McNuggets 10 piezas,154.11,31.48,17.2,True,,20% descuento,16,26,154.11,202.79,MXN,data/screenshots/rappi_CDMX_01_store_page.png,success,,store_page
20260323_223639_demo,2026-03-23T19:53:39.119276,rappi,MX,Ciudad de México,CDMX_01,"Presidente Masaryk 290, Polanco, Miguel Hidalgo, CDMX",premium,mcdonalds,McDonald's (via Rappi),True,Papas a la Francesa Medianas,Papas a la Francesa Medianas,65.79,31.48,4.65,True,,20% descuento,16,26,65.79,101.92,MXN,data/screenshots/rappi_CDMX_01_store_page.png,success,,store_page
20260323_223639_demo,2026-03-23T22:10:39.119276,uber,MX,Ciudad de México,CDMX_01,"Presidente Masaryk 290, Polanco, Miguel Hidalgo, CDMX",premium,mcdonalds,McDonald's,True,Big Mac,Big Mac,100.71,21.17,14.17,True,,15% off tu pedido,25,35,100.71,136.05,MXN,data/screenshots/uber_CDMX_01_store_page.png,success,,store_page
20260323_223639_demo,2026-03-23T22:10:39.119276,uber,MX,Ciudad de México,CDMX_01,"Presidente Masaryk 290, Polanco, Miguel Hidalgo, CDMX",premium,mcdonalds,McDonald's,True,McTrio Big Mac Mediano,McTrio Big Mac Mediano,190.61,21.17,21.3,True,,15% off tu pedido,25,35,190.61,233.08,MXN,data/screenshots/uber_CDMX_01_store_page.png,success,,store_page
20260323_223639_demo,2026-03-23T22:10:39.119276,uber,MX,Ciudad de México,CDMX_01,"Presidente Masaryk 290, Polanco, Miguel Hidalgo, CDMX",premium,mcdonalds,McDonald's,True,McNuggets 10 piezas,McNuggets 10 piezas,130.43,21.17,18.1,True,,15% off tu pedido,25,35,130.43,169.7,MXN,data/screenshots/uber_CDMX_01_store_page.png,success,,store_page
20260323_223639_demo,2026-03-23T22:10:39.119276,uber,MX,Ciudad de México,CDMX_01,"Presidente Masaryk 290, Polanco, Miguel Hidalgo, CDMX",premium,mcdonalds,McDonald's,True,Papas a la Francesa Medianas,Papas a la Francesa Medianas,52.69,21.17,8.23,True,,15% off tu pedido,25,35,52.69,82.09,MXN,data/screenshots/uber_CDMX_01_store_page.png,success,,store_page
20260323_223639_demo,2026-03-23T21:41:39.119276,didi,MX,Ciudad de México,CDMX_01,"Presidente Masaryk 290, Polanco, Miguel Hidalgo, CDMX",premium,mcdonalds,McDonald's DiDi,True,Big Mac,Big Mac,94.39,11.37,12.21,False,,,22,39,94.39,117.97,MXN,data/screenshots/didi_CDMX_01_store_page.png,success,,store_page
20260323_223639_demo,2026-03-23T21:41:39.119276,didi,MX,Ciudad de México,CDMX_01,"Presidente Masaryk 290, Polanco, Miguel Hidalgo, CDMX",premium,mcdonalds,McDonald's DiDi,True,McTrio Big Mac Mediano,McTrio Big Mac Mediano,188.16,11.37,19.07,False,,,22,39,188.16,218.6,MXN,data/screenshots/didi_CDMX_01_store_page.png,success,,store_page
20260323_223639_demo,2026-03-23T21:41:39.119276,didi,MX,Ciudad de México,CDMX_01,"Presidente Masaryk 290, Polanco, Miguel Hidalgo, CDMX",premium,mcdonalds,McDonald's DiDi,True,McNuggets 10 piezas,McNuggets 10 piezas,136.58,11.37,12.17,False,,,22,39,136.58,160.12,MXN,data/screenshots/didi_CDMX_01_store_page.png,success,,store_page
20260323_223639_demo,2026-03-23T21:41:39.119276,didi,MX,Ciudad de México,CDMX_01,"Presidente Masaryk 290, Polanco, Miguel Hidalgo, CDMX",premium,mcdonalds,McDonald's DiDi,True,Papas a la Francesa Medianas,Papas a la Francesa Medianas,60.52,11.37,4.66,False,,,22,39,60.52,76.55,MXN,data/screenshots/didi_CDMX_01_store_page.png,success,,store_page
20260323_223639_demo,2026-03-23T19:50:39.119276,rappi,MX,Ciudad de México,CDMX_02,"Álvaro Obregón 110, Roma Norte, Cuauhtémoc, CDMX",residential_premium,mcdonalds,McDonald's (via Rappi),True,Big Mac,Big Mac,102.29,26.88,7.59,False,,,25,40,102.29,136.76,MXN,data/screenshots/rappi_CDMX_02_store_page.png,success,,store_page
20260323_223639_demo,2026-03-23T19:50:39.119276,rappi,MX,Ciudad de México,CDMX_02,"Álvaro Obregón 110, Roma Norte, Cuauhtémoc, CDMX",residential_premium,mcdonalds,McDonald's (via Rappi),True,McTrio Big Mac Mediano,McTrio Big Mac Mediano,181.48,26.88,21.24,False,,,25,40,181.48,229.6,MXN,data/screenshots/rappi_CDMX_02_store_page.png,success,,store_page
20260323_223639_demo,2026-03-23T19:50:39.119276,rappi,MX,Ciudad de México,CDMX_02,"Álvaro Obregón 110, Roma Norte, Cuauhtémoc, CDMX",residential_premium,mcdonalds,McDonald's (via Rappi),True,McNuggets 10 piezas,McNuggets 10 piezas,151.85,26.88,8.94,False,,,25,40,151.85,187.67,MXN,data/screenshots/rappi_CDMX_02_store_page.png,success,,store_page
20260323_223639_demo,2026-03-23T19:50:39.119276,rappi,MX,Ciudad de México,CDMX_02,"Álvaro Obregón 110, Roma Norte, Cuauhtémoc, CDMX",residential_premium,mcdonalds,McDonald's (via Rappi),True,Papas a la Francesa Medianas,Papas a la Francesa Medianas,64.29,26.88,3.57,False,,,25,40,64.29,94.74,MXN,data/screenshots/rappi_CDMX_02_store_page.png,success,,store_page
20260323_223639_demo,2026-03-23T22:35:39.119276,uber,MX,Ciudad de México,CDMX_02,"Álvaro Obregón 110, Roma Norte, Cuauhtémoc, CDMX",residential_premium,mcdonalds,McDonald's,True,Big Mac,Big Mac,87.26,17.84,10.77,True,,Entrega gratis,21,38,87.26,115.87,MXN,data/screenshots/uber_CDMX_02_store_page.png,success,,store_page
20260323_223639_demo,2026-03-23T22:35:39.119276,uber,MX,Ciudad de México,CDMX_02,"Álvaro Obregón 110, Roma Norte, Cuauhtémoc, CDMX",residential_premium,mcdonalds,McDonald's,True,McTrio Big Mac Mediano,McTrio Big Mac Mediano,184.75,17.84,30.44,True,,Entrega gratis,21,38,184.75,233.03,MXN,data/screenshots/uber_CDMX_02_store_page.png,success,,store_page
20260323_223639_demo,2026-03-23T22:35:39.119276,uber,MX,Ciudad de México,CDMX_02,"Álvaro Obregón 110, Roma Norte, Cuauhtémoc, CDMX",residential_premium,mcdonalds,McDonald's,True,McNuggets 10 piezas,McNuggets 10 piezas,143.32,17.84,21.17,True,,Entrega gratis,21,38,143.32,182.33,MXN,data/screenshots/uber_CDMX_02_store_page.png,success,,store_page
20260323_223639_demo,2026-03-23T22:35:39.119276,uber,MX,Ciudad de México,CDMX_02,"Álvaro Obregón 110, Roma Norte, Cuauhtémoc, CDMX",residential_premium,mcdonalds,McDonald's,True,Papas a la Francesa Medianas,Papas a la Francesa Medianas,54.59,17.84,6.57,True,,Entrega gratis,21,38,54.59,79.0,MXN,data/screenshots/uber_CDMX_02_store_page.png,success,,store_page
20260323_223639_demo,2026-03-23T21:10:39.119276,didi,MX,Ciudad de México,CDMX_02,"Álvaro Obregón 110, Roma Norte, Cuauhtémoc, CDMX",residential_premium,mcdonalds,McDonald's DiDi,True,Big Mac,Big Mac,99.89,11.12,12.1,True,,Envío gratis,23,36,99.89,123.11,MXN,data/screenshots/didi_CDMX_02_store_page.png,success,,store_page
20260323_223639_demo,2026-03-23T21:10:39.119276,didi,MX,Ciudad de México,CDMX_02,"Álvaro Obregón 110, Roma Norte, Cuauhtémoc, CDMX",residential_premium,mcdonalds,McDonald's DiDi,True,McTrio Big Mac Mediano,McTrio Big Mac Mediano,190.11,11.12,12.31,True,,Envío gratis,23,36,190.11,213.54,MXN,data/screenshots/didi_CDMX_02_store_page.png,success,,store_page
20260323_223639_demo,2026-03-23T21:10:39.119276,didi,MX,Ciudad de México,CDMX_02,"Álvaro Obregón 110, Roma Norte, Cuauhtémoc, CDMX",residential_premium,mcdonalds,McDonald's DiDi,True,McNuggets 10 piezas,McNuggets 10 piezas,151.46,11.12,13.98,True,,Envío gratis,23,36,151.46,176.56,MXN,data/screenshots/didi_CDMX_02_store_page.png,success,,store_page
20260323_223639_demo,2026-03-23T21:10:39.119276,didi,MX,Ciudad de México,CDMX_02,"Álvaro Obregón 110, Roma Norte, Cuauhtémoc, CDMX",residential_premium,mcdonalds,McDonald's DiDi,True,Papas a la Francesa Medianas,Papas a la Francesa Medianas,54.08,11.12,6.07,True,,Envío gratis,23,36,54.08,71.27,MXN,data/screenshots/didi_CDMX_02_store_page.png,success,,store_page
20260323_223639_demo,2026-03-23T20:02:39.119276,rappi,MX,Ciudad de México,CDMX_03,"Insurgentes Sur 1602, Crédito Constructor, Benito Juárez, CDMX",commercial,mcdonalds,McDonald's (via Rappi),True,Big Mac,Big Mac,112.45,32.15,7.11,False,,,23,36,112.45,151.71,MXN,data/screenshots/rappi_CDMX_03_store_page.png,success,,store_page
20260323_223639_demo,2026-03-23T20:02:39.119276,rappi,MX,Ciudad de México,CDMX_03,"Insurgentes Sur 1602, Crédito Constructor, Benito Juárez, CDMX",commercial,mcdonalds,McDonald's (via Rappi),True,McTrio Big Mac Mediano,McTrio Big Mac Mediano,181.29,32.15,15.7,False,,,23,36,181.29,229.14,MXN,data/screenshots/rappi_CDMX_03_store_page.png,success,,store_page
20260323_223639_demo,2026-03-23T20:02:39.119276,rappi,MX,Ciudad de México,CDMX_03,"Insurgentes Sur 1602, Crédito Constructor, Benito Juárez, CDMX",commercial,mcdonalds,McDonald's (via Rappi),True,McNuggets 10 piezas,McNuggets 10 piezas,158.76,32.15,11.18,False,,,23,36,158.76,202.09,MXN,data/screenshots/rappi_CDMX_03_store_page.png,success,,store_page
20260323_223639_demo,2026-03-23T20:02:39.119276,rappi,MX,Ciudad de México,CDMX_03,"Insurgentes Sur 1602, Crédito Constructor, Benito Juárez, CDMX",commercial,mcdonalds,McDonald's (via Rappi),True,Papas a la Francesa Medianas,Papas a la Francesa Medianas,58.07,32.15,3.36,False,,,23,36,58.07,93.58,MXN,data/screenshots/rappi_CDMX_03_store_page.png,success,,store_page
20260323_223639_demo,2026-03-23T21:00:39.119276,uber,MX,Ciudad de México,CDMX_03,"Insurgentes Sur 1602, Crédito Constructor, Benito Juárez, CDMX",commercial,mcdonalds,McDonald's,True,Big Mac,Big Mac,104.69,14.02,18.54,False,,,18,34,104.69,137.25,MXN,data/screenshots/uber_CDMX_03_store_page.png,success,,store_page
20260323_223639_demo,2026-03-23T21:00:39.119276,uber,MX,Ciudad de México,CDMX_03,"Insurgentes Sur 1602, Crédito Constructor, Benito Juárez, CDMX",commercial,mcdonalds,McDonald's,True,McTrio Big Mac Mediano,McTrio Big Mac Mediano,178.21,14.02,30.31,False,,,18,34,178.21,222.54,MXN,data/screenshots/uber_CDMX_03_store_page.png,success,,store_page
20260323_223639_demo,2026-03-23T21:00:39.119276,uber,MX,Ciudad de México,CDMX_03,"Insurgentes Sur 1602, Crédito Constructor, Benito Juárez, CDMX",commercial,mcdonalds,McDonald's,True,McNuggets 10 piezas,McNuggets 10 piezas,142.25,14.02,19.5,False,,,18,34,142.25,175.77,MXN,data/screenshots/uber_CDMX_03_store_page.png,success,,store_page
20260323_223639_demo,2026-03-23T21:00:39.119276,uber,MX,Ciudad de México,CDMX_03,"Insurgentes Sur 1602, Crédito Constructor, Benito Juárez, CDMX",commercial,mcdonalds,McDonald's,True,Papas a la Francesa Medianas,Papas a la Francesa Medianas,56.81,14.02,10.27,False,,,18,34,56.81,81.1,MXN,data/screenshots/uber_CDMX_03_store_page.png,success,,store_page
20260323_223639_demo,2026-03-23T21:04:39.119276,didi,MX,Ciudad de México,CDMX_03,"Insurgentes Sur 1602, Crédito Constructor, Benito Juárez, CDMX",commercial,mcdonalds,McDonald's DiDi,True,Big Mac,Big Mac,101.68,0.0,13.35,False,,,23,41,101.68,115.03,MXN,data/screenshots/didi_CDMX_03_store_page.png,success,,store_page
20260323_223639_demo,2026-03-23T21:04:39.119276,didi,MX,Ciudad de México,CDMX_03,"Insurgentes Sur 1602, Crédito Constructor, Benito Juárez, CDMX",commercial,mcdonalds,McDonald's DiDi,True,McTrio Big Mac Mediano,McTrio Big Mac Mediano,158.0,0.0,18.4,False,,,23,41,158.0,176.4,MXN,data/screenshots/didi_CDMX_03_store_page.png,success,,store_page
20260323_223639_demo,2026-03-23T21:04:39.119276,didi,MX,Ciudad de México,CDMX_03,"Insurgentes Sur 1602, Crédito Constructor, Benito Juárez, CDMX",commercial,mcdonalds,McDonald's DiDi,True,McNuggets 10 piezas,McNuggets 10 piezas,145.96,0.0,13.72,False,,,23,41,145.96,159.68,MXN,data/screenshots/didi_CDMX_03_store_page.png,success,,store_page
20260323_223639_demo,2026-03-23T21:04:39.119276,didi,MX,Ciudad de México,CDMX_03,"Insurgentes Sur 1602, Crédito Constructor, Benito Juárez, CDMX",commercial,mcdonalds,McDonald's DiDi,True,Papas a la Francesa Medianas,Papas a la Francesa Medianas,57.55,0.0,3.47,False,,,23,41,57.55,61.02,MXN,data/screenshots/didi_CDMX_03_store_page.png,success,,store_page
20260323_223639_demo,2026-03-23T21:22:39.119276,rappi,MX,Ciudad de México,CDMX_04,"Av. Revolución 1800, San Ángel, Álvaro Obregón, CDMX",residential_premium,mcdonalds,McDonald's (via Rappi),True,Big Mac,Big Mac,109.96,23.9,12.05,False,,,18,31,109.96,145.91,MXN,data/screenshots/rappi_CDMX_04_store_page.png,success,,store_page
20260323_223639_demo,2026-03-23T21:22:39.119276,rappi,MX,Ciudad de México,CDMX_04,"Av. Revolución 1800, San Ángel, Álvaro Obregón, CDMX",residential_premium,mcdonalds,McDonald's (via Rappi),True,McTrio Big Mac Mediano,McTrio Big Mac Mediano,182.48,23.9,11.65,False,,,18,31,182.48,218.03,MXN,data/screenshots/rappi_CDMX_04_store_page.png,success,,store_page
20260323_223639_demo,2026-03-23T21:22:39.119276,rappi,MX,Ciudad de México,CDMX_04,"Av. Revolución 1800, San Ángel, Álvaro Obregón, CDMX",residential_premium,mcdonalds,McDonald's (via Rappi),True,McNuggets 10 piezas,McNuggets 10 piezas,146.96,23.9,14.45,False,,,18,31,146.96,185.31,MXN,data/screenshots/rappi_CDMX_04_store_page.png,success,,store_page
20260323_223639_demo,2026-03-23T21:22:39.119276,rappi,MX,Ciudad de México,CDMX_04,"Av. Revolución 1800, San Ángel, Álvaro Obregón, CDMX",residential_premium,mcdonalds,McDonald's (via Rappi),True,Papas a la Francesa Medianas,Papas a la Francesa Medianas,61.82,23.9,4.29,False,,,18,31,61.82,90.01,MXN,data/screenshots/rappi_CDMX_04_store_page.png,success,,store_page
20260323_223639_demo,2026-03-23T20:40:39.119276,uber,MX,Ciudad de México,CDMX_04,"Av. Revolución 1800, San Ángel, Álvaro Obregón, CDMX",residential_premium,mcdonalds,McDonald's,True,Big Mac,Big Mac,101.66,19.05,17.22,True,25.0,$25 de descuento,24,37,101.66,112.93,MXN,data/screenshots/uber_CDMX_04_store_page.png,success,,store_page
20260323_223639_demo,2026-03-23T20:40:39.119276,uber,MX,Ciudad de México,CDMX_04,"Av. Revolución 1800, San Ángel, Álvaro Obregón, CDMX",residential_premium,mcdonalds,McDonald's,True,McTrio Big Mac Mediano,McTrio Big Mac Mediano,174.86,19.05,25.08,True,25.0,$25 de descuento,24,37,174.86,193.99,MXN,data/screenshots/uber_CDMX_04_store_page.png,success,,store_page
20260323_223639_demo,2026-03-23T20:40:39.119276,uber,MX,Ciudad de México,CDMX_04,"Av. Revolución 1800, San Ángel, Álvaro Obregón, CDMX",residential_premium,mcdonalds,McDonald's,True,McNuggets 10 piezas,McNuggets 10 piezas,138.25,19.05,16.69,True,25.0,$25 de descuento,24,37,138.25,148.99,MXN,data/screenshots/uber_CDMX_04_store_page.png,success,,store_page
20260323_223639_demo,2026-03-23T20:40:39.119276,uber,MX,Ciudad de México,CDMX_04,"Av. Revolución 1800, San Ángel, Álvaro Obregón, CDMX",residential_premium,mcdonalds,McDonald's,True,Papas a la Francesa Medianas,Papas a la Francesa Medianas,57.58,19.05,8.94,True,25.0,$25 de descuento,24,37,57.58,60.57,MXN,data/screenshots/uber_CDMX_04_store_page.png,success,,store_page
20260323_223639_demo,2026-03-23T19:37:39.119276,didi,MX,Ciudad de México,CDMX_04,"Av. Revolución 1800, San Ángel, Álvaro Obregón, CDMX",residential_premium,mcdonalds,McDonald's DiDi,True,Big Mac,Big Mac,101.93,14.02,7.31,False,,,23,40,101.93,123.26,MXN,data/screenshots/didi_CDMX_04_store_page.png,success,,store_page
20260323_223639_demo,2026-03-23T19:37:39.119276,didi,MX,Ciudad de México,CDMX_04,"Av. Revolución 1800, San Ángel, Álvaro Obregón, CDMX",residential_premium,mcdonalds,McDonald's DiDi,True,McTrio Big Mac Mediano,McTrio Big Mac Mediano,180.17,14.02,16.78,False,,,23,40,180.17,210.97,MXN,data/screenshots/didi_CDMX_04_store_page.png,success,,store_page
20260323_223639_demo,2026-03-23T19:37:39.119276,didi,MX,Ciudad de México,CDMX_04,"Av. Revolución 1800, San Ángel, Álvaro Obregón, CDMX",residential_premium,mcdonalds,McDonald's DiDi,True,McNuggets 10 piezas,McNuggets 10 piezas,139.07,14.02,13.46,False,,,23,40,139.07,166.55,MXN,data/screenshots/didi_CDMX_04_store_page.png,success,,store_page
20260323_223639_demo,2026-03-23T19:37:39.119276,didi,MX,Ciudad de México,CDMX_04,"Av. Revolución 1800, San Ángel, Álvaro Obregón, CDMX",residential_premium,mcdonalds,McDonald's DiDi,True,Papas a la Francesa Medianas,Papas a la Francesa Medianas,60.56,14.02,8.34,False,,,23,40,60.56,82.92,MXN,data/screenshots/didi_CDMX_04_store_page.png,success,,store_page
20260323_223639_demo,2026-03-23T21:34:39.119276,rappi,MX,Ciudad de México,CDMX_05,"Calzada de Tlalpan 2900, Coapa, Tlalpan, CDMX",residential_medium,mcdonalds,McDonald's (via Rappi),True,Big Mac,Big Mac,104.96,36.22,8.24,False,,,24,42,104.96,149.42,MXN,data/screenshots/rappi_CDMX_05_store_page.png,success,,store_page
20260323_223639_demo,2026-03-23T21:34:39.119276,rappi,MX,Ciudad de México,CDMX_05,"Calzada de Tlalpan 2900, Coapa, Tlalpan, CDMX",residential_medium,mcdonalds,McDonald's (via Rappi),True,McTrio Big Mac Mediano,McTrio Big Mac Mediano,159.0,36.22,12.64,False,,,24,42,159.0,207.86,MXN,data/screenshots/rappi_CDMX_05_store_page.png,success,,store_page
20260323_223639_demo,2026-03-23T21:34:39.119276,rappi,MX,Ciudad de México,CDMX_05,"Calzada de Tlalpan 2900, Coapa, Tlalpan, CDMX",residential_medium,mcdonalds,McDonald's (via Rappi),True,McNuggets 10 piezas,McNuggets 10 piezas,146.62,36.22,18.95,False,,,24,42,146.62,201.79,MXN,data/screenshots/rappi_CDMX_05_store_page.png,success,,store_page
20260323_223639_demo,2026-03-23T21:34:39.119276,rappi,MX,Ciudad de México,CDMX_05,"Calzada de Tlalpan 2900, Coapa, Tlalpan, CDMX",residential_medium,mcdonalds,McDonald's (via Rappi),True,Papas a la Francesa Medianas,Papas a la Francesa Medianas,56.86,36.22,4.89,False,,,24,42,56.86,97.97,MXN,data/screenshots/rappi_CDMX_05_store_page.png,success,,store_page
20260323_223639_demo,2026-03-23T19:53:39.119276,uber,MX,Ciudad de México,CDMX_05,"Calzada de Tlalpan 2900, Coapa, Tlalpan, CDMX",residential_medium,mcdonalds,McDonald's,True,Big Mac,Big Mac,88.84,27.79,15.36,False,,,32,48,88.84,131.99,MXN,data/screenshots/uber_CDMX_05_store_page.png,success,,store_page
20260323_223639_demo,2026-03-23T19:53:39.119276,uber,MX,Ciudad de México,CDMX_05,"Calzada de Tlalpan 2900, Coapa, Tlalpan, CDMX",residential_medium,mcdonalds,McDonald's,True,McTrio Big Mac Mediano,McTrio Big Mac Mediano,183.69,27.79,30.46,False,,,32,48,183.69,241.94,MXN,data/screenshots/uber_CDMX_05_store_page.png,success,,store_page
20260323_223639_demo,2026-03-23T19:53:39.119276,uber,MX,Ciudad de México,CDMX_05,"Calzada de Tlalpan 2900, Coapa, Tlalpan, CDMX",residential_medium,mcdonalds,McDonald's,True,McNuggets 10 piezas,McNuggets 10 piezas,128.04,27.79,22.8,False,,,32,48,128.04,178.63,MXN,data/screenshots/uber_CDMX_05_store_page.png,success,,store_page
20260323_223639_demo,2026-03-23T19:53:39.119276,uber,MX,Ciudad de México,CDMX_05,"Calzada de Tlalpan 2900, Coapa, Tlalpan, CDMX",residential_medium,mcdonalds,McDonald's,True,Papas a la Francesa Medianas,Papas a la Francesa Medianas,46.89,27.79,7.58,False,,,32,48,46.89,82.26,MXN,data/screenshots/uber_CDMX_05_store_page.png,success,,store_page
20260323_223639_demo,2026-03-23T22:22:39.119276,didi,MX,Ciudad de México,CDMX_05,"Calzada de Tlalpan 2900, Coapa, Tlalpan, CDMX",residential_medium,mcdonalds,McDonald's DiDi,True,Big Mac,Big Mac,91.05,32.95,8.07,False,,,30,48,91.05,132.07,MXN,data/screenshots/didi_CDMX_05_store_page.png,success,,store_page
20260323_223639_demo,2026-03-23T22:22:39.119276,didi,MX,Ciudad de México,CDMX_05,"Calzada de Tlalpan 2900, Coapa, Tlalpan, CDMX",residential_medium,mcdonalds,McDonald's DiDi,True,McTrio Big Mac Mediano,McTrio Big Mac Mediano,179.66,32.95,16.16,False,,,30,48,179.66,228.77,MXN,data/screenshots/didi_CDMX_05_store_page.png,success,,store_page
20260323_223639_demo,2026-03-23T22:22:39.119276,didi,MX,Ciudad de México,CDMX_05,"Calzada de Tlalpan 2900, Coapa, Tlalpan, CDMX",residential_medium,mcdonalds,McDonald's DiDi,True,McNuggets 10 piezas,McNuggets 10 piezas,125.04,32.95,12.68,False,,,30,48,125.04,170.67,MXN,data/screenshots/didi_CDMX_05_store_page.png,success,,store_page
20260323_223639_demo,2026-03-23T22:22:39.119276,didi,MX,Ciudad de México,CDMX_05,"Calzada de Tlalpan 2900, Coapa, Tlalpan, CDMX",residential_medium,mcdonalds,McDonald's DiDi,True,Papas a la Francesa Medianas,Papas a la Francesa Medianas,49.49,32.95,5.42,False,,,30,48,49.49,87.86,MXN,data/screenshots/didi_CDMX_05_store_page.png,success,,store_page
20260323_223639_demo,2026-03-23T22:20:39.119276,rappi,MX,Ciudad de México,CDMX_06,"Av. Tláhuac 4190, Tláhuac, CDMX",peripheral,mcdonalds,McDonald's (via Rappi),True,Big Mac,Big Mac,113.2,37.64,7.28,True,,Envío gratis en tu primera orden,35,59,113.2,158.12,MXN,data/screenshots/rappi_CDMX_06_store_page.png,success,,store_page
20260323_223639_demo,2026-03-23T22:20:39.119276,rappi,MX,Ciudad de México,CDMX_06,"Av. Tláhuac 4190, Tláhuac, CDMX",peripheral,mcdonalds,McDonald's (via Rappi),True,McTrio Big Mac Mediano,McTrio Big Mac Mediano,173.74,37.64,16.73,True,,Envío gratis en tu primera orden,35,59,173.74,228.11,MXN,data/screenshots/rappi_CDMX_06_store_page.png,success,,store_page
20260323_223639_demo,2026-03-23T22:20:39.119276,rappi,MX,Ciudad de México,CDMX_06,"Av. Tláhuac 4190, Tláhuac, CDMX",peripheral,mcdonalds,McDonald's (via Rappi),True,McNuggets 10 piezas,McNuggets 10 piezas,130.73,37.64,11.05,True,,Envío gratis en tu primera orden,35,59,130.73,179.42,MXN,data/screenshots/rappi_CDMX_06_store_page.png,success,,store_page
20260323_223639_demo,2026-03-23T22:20:39.119276,rappi,MX,Ciudad de México,CDMX_06,"Av. Tláhuac 4190, Tláhuac, CDMX",peripheral,mcdonalds,McDonald's (via Rappi),True,Papas a la Francesa Medianas,Papas a la Francesa Medianas,63.18,37.64,3.02,True,,Envío gratis en tu primera orden,35,59,63.18,103.84,MXN,data/screenshots/rappi_CDMX_06_store_page.png,success,,store_page
20260323_223639_demo,2026-03-23T20:55:39.119276,uber,MX,Ciudad de México,CDMX_06,"Av. Tláhuac 4190, Tláhuac, CDMX",peripheral,mcdonalds,McDonald's,True,Big Mac,Big Mac,96.86,39.29,16.04,True,25.0,$25 de descuento,42,63,96.86,127.19,MXN,data/screenshots/uber_CDMX_06_store_page.png,success,,store_page
20260323_223639_demo,2026-03-23T20:55:39.119276,uber,MX,Ciudad de México,CDMX_06,"Av. Tláhuac 4190, Tláhuac, CDMX",peripheral,mcdonalds,McDonald's,True,McTrio Big Mac Mediano,McTrio Big Mac Mediano,158.23,39.29,19.56,True,25.0,$25 de descuento,42,63,158.23,192.08,MXN,data/screenshots/uber_CDMX_06_store_page.png,success,,store_page
20260323_223639_demo,2026-03-23T20:55:39.119276,uber,MX,Ciudad de México,CDMX_06,"Av. Tláhuac 4190, Tláhuac, CDMX",peripheral,mcdonalds,McDonald's,True,McNuggets 10 piezas,McNuggets 10 piezas,138.14,39.29,21.54,True,25.0,$25 de descuento,42,63,138.14,173.97,MXN,data/screenshots/uber_CDMX_06_store_page.png,success,,store_page
20260323_223639_demo,2026-03-23T20:55:39.119276,uber,MX,Ciudad de México,CDMX_06,"Av. Tláhuac 4190, Tláhuac, CDMX",peripheral,mcdonalds,McDonald's,True,Papas a la Francesa Medianas,Papas a la Francesa Medianas,54.05,39.29,8.48,True,25.0,$25 de descuento,42,63,54.05,76.82,MXN,data/screenshots/uber_CDMX_06_store_page.png,success,,store_page
20260323_223639_demo,2026-03-23T20:07:39.119276,didi,MX,Ciudad de México,CDMX_06,"Av. Tláhuac 4190, Tláhuac, CDMX",peripheral,mcdonalds,McDonald's DiDi,True,Big Mac,Big Mac,100.01,25.92,10.59,True,,30% en tu primer pedido,45,72,100.01,136.52,MXN,data/screenshots/didi_CDMX_06_store_page.png,success,,store_page
20260323_223639_demo,2026-03-23T20:07:39.119276,didi,MX,Ciudad de México,CDMX_06,"Av. Tláhuac 4190, Tláhuac, CDMX",peripheral,mcdonalds,McDonald's DiDi,True,McTrio Big Mac Mediano,McTrio Big Mac Mediano,165.43,25.92,22.72,True,,30% en tu primer pedido,45,72,165.43,214.07,MXN,data/screenshots/didi_CDMX_06_store_page.png,success,,store_page
20260323_223639_demo,2026-03-23T20:07:39.119276,didi,MX,Ciudad de México,CDMX_06,"Av. Tláhuac 4190, Tláhuac, CDMX",peripheral,mcdonalds,McDonald's DiDi,True,McNuggets 10 piezas,McNuggets 10 piezas,144.41,25.92,11.0,True,,30% en tu primer pedido,45,72,144.41,181.33,MXN,data/screenshots/didi_CDMX_06_store_page.png,success,,store_page
20260323_223639_demo,2026-03-23T20:07:39.119276,didi,MX,Ciudad de México,CDMX_06,"Av. Tláhuac 4190, Tláhuac, CDMX",peripheral,mcdonalds,McDonald's DiDi,True,Papas a la Francesa Medianas,Papas a la Francesa Medianas,58.66,25.92,4.72,True,,30% en tu primer pedido,45,72,58.66,89.3,MXN,data/screenshots/didi_CDMX_06_store_page.png,success,,store_page
20260323_223639_demo,2026-03-23T20:26:39.119276,rappi,MX,Ciudad de México,CDMX_07,"Periférico Norte 5000, Satélite, Naucalpan, Estado de México",commercial,mcdonalds,McDonald's (via Rappi),True,Big Mac,Big Mac,114.27,30.94,7.27,False,,,26,39,114.27,152.48,MXN,data/screenshots/rappi_CDMX_07_store_page.png,success,,store_page
20260323_223639_demo,2026-03-23T20:26:39.119276,rappi,MX,Ciudad de México,CDMX_07,"Periférico Norte 5000, Satélite, Naucalpan, Estado de México",commercial,mcdonalds,McDonald's (via Rappi),True,McTrio Big Mac Mediano,McTrio Big Mac Mediano,196.56,30.94,17.35,False,,,26,39,196.56,244.85,MXN,data/screenshots/rappi_CDMX_07_store_page.png,success,,store_page
20260323_223639_demo,2026-03-23T20:26:39.119276,rappi,MX,Ciudad de México,CDMX_07,"Periférico Norte 5000, Satélite, Naucalpan, Estado de México",commercial,mcdonalds,McDonald's (via Rappi),True,McNuggets 10 piezas,McNuggets 10 piezas,157.22,30.94,18.54,False,,,26,39,157.22,206.7,MXN,data/screenshots/rappi_CDMX_07_store_page.png,success,,store_page
20260323_223639_demo,2026-03-23T20:26:39.119276,rappi,MX,Ciudad de México,CDMX_07,"Periférico Norte 5000, Satélite, Naucalpan, Estado de México",commercial,mcdonalds,McDonald's (via Rappi),True,Papas a la Francesa Medianas,Papas a la Francesa Medianas,57.77,30.94,3.75,False,,,26,39,57.77,92.46,MXN,data/screenshots/rappi_CDMX_07_store_page.png,success,,store_page
20260323_223639_demo,2026-03-23T21:57:39.119276,uber,MX,Ciudad de México,CDMX_07,"Periférico Norte 5000, Satélite, Naucalpan, Estado de México",commercial,mcdonalds,McDonald's,True,Big Mac,Big Mac,93.29,15.55,13.85,True,,Buy 1 Get 1,19,36,93.29,122.69,MXN,data/screenshots/uber_CDMX_07_store_page.png,success,,store_page
20260323_223639_demo,2026-03-23T21:57:39.119276,uber,MX,Ciudad de México,CDMX_07,"Periférico Norte 5000, Satélite, Naucalpan, Estado de México",commercial,mcdonalds,McDonald's,True,McTrio Big Mac Mediano,McTrio Big Mac Mediano,182.75,15.55,28.42,True,,Buy 1 Get 1,19,36,182.75,226.72,MXN,data/screenshots/uber_CDMX_07_store_page.png,success,,store_page
20260323_223639_demo,2026-03-23T21:57:39.119276,uber,MX,Ciudad de México,CDMX_07,"Periférico Norte 5000, Satélite, Naucalpan, Estado de México",commercial,mcdonalds,McDonald's,True,McNuggets 10 piezas,McNuggets 10 piezas,146.44,15.55,22.0,True,,Buy 1 Get 1,19,36,146.44,183.99,MXN,data/screenshots/uber_CDMX_07_store_page.png,success,,store_page
20260323_223639_demo,2026-03-23T21:57:39.119276,uber,MX,Ciudad de México,CDMX_07,"Periférico Norte 5000, Satélite, Naucalpan, Estado de México",commercial,mcdonalds,McDonald's,True,Papas a la Francesa Medianas,Papas a la Francesa Medianas,62.27,15.55,9.01,True,,Buy 1 Get 1,19,36,62.27,86.83,MXN,data/screenshots/uber_CDMX_07_store_page.png,success,,store_page
20260323_223639_demo,2026-03-23T20:04:39.119276,didi,MX,Ciudad de México,CDMX_07,"Periférico Norte 5000, Satélite, Naucalpan, Estado de México",commercial,mcdonalds,McDonald's DiDi,True,Big Mac,Big Mac,107.63,27.88,8.92,False,,,27,44,107.63,144.43,MXN,data/screenshots/didi_CDMX_07_store_page.png,success,,store_page
20260323_223639_demo,2026-03-23T20:04:39.119276,didi,MX,Ciudad de México,CDMX_07,"Periférico Norte 5000, Satélite, Naucalpan, Estado de México",commercial,mcdonalds,McDonald's DiDi,True,McTrio Big Mac Mediano,McTrio Big Mac Mediano,168.08,27.88,18.43,False,,,27,44,168.08,214.39,MXN,data/screenshots/didi_CDMX_07_store_page.png,success,,store_page
20260323_223639_demo,2026-03-23T20:04:39.119276,didi,MX,Ciudad de México,CDMX_07,"Periférico Norte 5000, Satélite, Naucalpan, Estado de México",commercial,mcdonalds,McDonald's DiDi,True,McNuggets 10 piezas,McNuggets 10 piezas,142.54,27.88,16.29,False,,,27,44,142.54,186.71,MXN,data/screenshots/didi_CDMX_07_store_page.png,success,,store_page
20260323_223639_demo,2026-03-23T20:04:39.119276,didi,MX,Ciudad de México,CDMX_07,"Periférico Norte 5000, Satélite, Naucalpan, Estado de México",commercial,mcdonalds,McDonald's DiDi,True,Papas a la Francesa Medianas,Papas a la Francesa Medianas,59.84,27.88,5.9,False,,,27,44,59.84,93.62,MXN,data/screenshots/didi_CDMX_07_store_page.png,success,,store_page
20260323_223639_demo,2026-03-23T22:34:39.119276,rappi,MX,Ciudad de México,CDMX_08,"Av. Texcoco 320, Iztapalapa, CDMX",peripheral,mcdonalds,McDonald's (via Rappi),True,Big Mac,Big Mac,89.0,38.23,6.33,False,,,33,58,89.0,133.56,MXN,data/screenshots/rappi_CDMX_08_store_page.png,success,,store_page
20260323_223639_demo,2026-03-23T22:34:39.119276,rappi,MX,Ciudad de México,CDMX_08,"Av. Texcoco 320, Iztapalapa, CDMX",peripheral,mcdonalds,McDonald's (via Rappi),True,McTrio Big Mac Mediano,McTrio Big Mac Mediano,187.88,38.23,15.83,False,,,33,58,187.88,241.94,MXN,data/screenshots/rappi_CDMX_08_store_page.png,success,,store_page
20260323_223639_demo,2026-03-23T22:34:39.119276,rappi,MX,Ciudad de México,CDMX_08,"Av. Texcoco 320, Iztapalapa, CDMX",peripheral,mcdonalds,McDonald's (via Rappi),True,McNuggets 10 piezas,McNuggets 10 piezas,130.58,38.23,10.9,False,,,33,58,130.58,179.71,MXN,data/screenshots/rappi_CDMX_08_store_page.png,success,,store_page
20260323_223639_demo,2026-03-23T22:34:39.119276,rappi,MX,Ciudad de México,CDMX_08,"Av. Texcoco 320, Iztapalapa, CDMX",peripheral,mcdonalds,McDonald's (via Rappi),True,Papas a la Francesa Medianas,Papas a la Francesa Medianas,58.57,38.23,3.65,False,,,33,58,58.57,100.45,MXN,data/screenshots/rappi_CDMX_08_store_page.png,success,,store_page
20260323_223639_demo,2026-03-23T19:52:39.119276,uber,MX,Ciudad de México,CDMX_08,"Av. Texcoco 320, Iztapalapa, CDMX",peripheral,mcdonalds,McDonald's,True,Big Mac,Big Mac,95.45,39.08,12.14,True,,15% off tu pedido,40,60,95.45,146.67,MXN,data/screenshots/uber_CDMX_08_store_page.png,success,,store_page
20260323_223639_demo,2026-03-23T19:52:39.119276,uber,MX,Ciudad de México,CDMX_08,"Av. Texcoco 320, Iztapalapa, CDMX",peripheral,mcdonalds,McDonald's,True,McTrio Big Mac Mediano,McTrio Big Mac Mediano,175.78,39.08,28.34,True,,15% off tu pedido,40,60,175.78,243.2,MXN,data/screenshots/uber_CDMX_08_store_page.png,success,,store_page
20260323_223639_demo,2026-03-23T19:52:39.119276,uber,MX,Ciudad de México,CDMX_08,"Av. Texcoco 320, Iztapalapa, CDMX",peripheral,mcdonalds,McDonald's,True,McNuggets 10 piezas,McNuggets 10 piezas,143.19,39.08,24.5,True,,15% off tu pedido,40,60,143.19,206.77,MXN,data/screenshots/uber_CDMX_08_store_page.png,success,,store_page
20260323_223639_demo,2026-03-23T19:52:39.119276,uber,MX,Ciudad de México,CDMX_08,"Av. Texcoco 320, Iztapalapa, CDMX",peripheral,mcdonalds,McDonald's,True,Papas a la Francesa Medianas,Papas a la Francesa Medianas,45.91,39.08,6.03,True,,15% off tu pedido,40,60,45.91,91.02,MXN,data/screenshots/uber_CDMX_08_store_page.png,success,,store_page
20260323_223639_demo,2026-03-23T21:29:39.119276,didi,MX,Ciudad de México,CDMX_08,"Av. Texcoco 320, Iztapalapa, CDMX",peripheral,mcdonalds,McDonald's DiDi,True,Big Mac,Big Mac,102.54,33.09,11.31,True,,Envío gratis,47,71,102.54,146.94,MXN,data/screenshots/didi_CDMX_08_store_page.png,success,,store_page
20260323_223639_demo,2026-03-23T21:29:39.119276,didi,MX,Ciudad de México,CDMX_08,"Av. Texcoco 320, Iztapalapa, CDMX",peripheral,mcdonalds,McDonald's DiDi,True,McTrio Big Mac Mediano,McTrio Big Mac Mediano,223.87,33.09,24.94,True,,Envío gratis,47,71,223.87,281.9,MXN,data/screenshots/didi_CDMX_08_store_page.png,success,,store_page
20260323_223639_demo,2026-03-23T21:29:39.119276,didi,MX,Ciudad de México,CDMX_08,"Av. Texcoco 320, Iztapalapa, CDMX",peripheral,mcdonalds,McDonald's DiDi,True,McNuggets 10 piezas,McNuggets 10 piezas,151.69,33.09,18.06,True,,Envío gratis,47,71,151.69,202.84,MXN,data/screenshots/didi_CDMX_08_store_page.png,success,,store_page
20260323_223639_demo,2026-03-23T21:29:39.119276,didi,MX,Ciudad de México,CDMX_08,"Av. Texcoco 320, Iztapalapa, CDMX",peripheral,mcdonalds,McDonald's DiDi,True,Papas a la Francesa Medianas,Papas a la Francesa Medianas,58.63,33.09,5.49,True,,Envío gratis,47,71,58.63,97.21,MXN,data/screenshots/didi_CDMX_08_store_page.png,success,,store_page
20260323_223639_demo,2026-03-23T19:53:39.119276,rappi,MX,Ciudad de México,CDMX_09,"Blvd. Manuel Ávila Camacho 500, Lomas de Chapultepec, CDMX",premium,mcdonalds,McDonald's (via Rappi),True,Big Mac,Big Mac,104.07,32.79,7.83,False,,,23,37,104.07,144.69,MXN,data/screenshots/rappi_CDMX_09_store_page.png,success,,store_page
20260323_223639_demo,2026-03-23T19:53:39.119276,rappi,MX,Ciudad de México,CDMX_09,"Blvd. Manuel Ávila Camacho 500, Lomas de Chapultepec, CDMX",premium,mcdonalds,McDonald's (via Rappi),True,McTrio Big Mac Mediano,McTrio Big Mac Mediano,188.43,32.79,15.38,False,,,23,37,188.43,236.6,MXN,data/screenshots/rappi_CDMX_09_store_page.png,success,,store_page
20260323_223639_demo,2026-03-23T19:53:39.119276,rappi,MX,Ciudad de México,CDMX_09,"Blvd. Manuel Ávila Camacho 500, Lomas de Chapultepec, CDMX",premium,mcdonalds,McDonald's (via Rappi),True,McNuggets 10 piezas,McNuggets 10 piezas,179.6,32.79,7.66,False,,,23,37,179.6,220.05,MXN,data/screenshots/rappi_CDMX_09_store_page.png,success,,store_page
20260323_223639_demo,2026-03-23T19:53:39.119276,rappi,MX,Ciudad de México,CDMX_09,"Blvd. Manuel Ávila Camacho 500, Lomas de Chapultepec, CDMX",premium,mcdonalds,McDonald's (via Rappi),True,Papas a la Francesa Medianas,Papas a la Francesa Medianas,65.38,32.79,3.12,False,,,23,37,65.38,101.29,MXN,data/screenshots/rappi_CDMX_09_store_page.png,success,,store_page
20260323_223639_demo,2026-03-23T21:55:39.119276,uber,MX,Ciudad de México,CDMX_09,"Blvd. Manuel Ávila Camacho 500, Lomas de Chapultepec, CDMX",premium,mcdonalds,McDonald's,True,Big Mac,Big Mac,111.57,17.11,16.88,False,,,25,39,111.57,145.56,MXN,data/screenshots/uber_CDMX_09_store_page.png,success,,store_page
20260323_223639_demo,2026-03-23T21:55:39.119276,uber,MX,Ciudad de México,CDMX_09,"Blvd. Manuel Ávila Camacho 500, Lomas de Chapultepec, CDMX",premium,mcdonalds,McDonald's,True,McTrio Big Mac Mediano,McTrio Big Mac Mediano,176.09,17.11,23.89,False,,,25,39,176.09,217.09,MXN,data/screenshots/uber_CDMX_09_store_page.png,success,,store_page
20260323_223639_demo,2026-03-23T21:55:39.119276,uber,MX,Ciudad de México,CDMX_09,"Blvd. Manuel Ávila Camacho 500, Lomas de Chapultepec, CDMX",premium,mcdonalds,McDonald's,True,McNuggets 10 piezas,McNuggets 10 piezas,152.07,17.11,20.59,False,,,25,39,152.07,189.77,MXN,data/screenshots/uber_CDMX_09_store_page.png,success,,store_page
20260323_223639_demo,2026-03-23T21:55:39.119276,uber,MX,Ciudad de México,CDMX_09,"Blvd. Manuel Ávila Camacho 500, Lomas de Chapultepec, CDMX",premium,mcdonalds,McDonald's,True,Papas a la Francesa Medianas,Papas a la Francesa Medianas,58.83,17.11,8.88,False,,,25,39,58.83,84.82,MXN,data/screenshots/uber_CDMX_09_store_page.png,success,,store_page
20260323_223639_demo,2026-03-23T20:31:39.119276,didi,MX,Ciudad de México,CDMX_09,"Blvd. Manuel Ávila Camacho 500, Lomas de Chapultepec, CDMX",premium,mcdonalds,McDonald's DiDi,True,Big Mac,Big Mac,126.4,12.39,14.24,False,,,19,32,126.4,153.03,MXN,data/screenshots/didi_CDMX_09_store_page.png,success,,store_page
20260323_223639_demo,2026-03-23T20:31:39.119276,didi,MX,Ciudad de México,CDMX_09,"Blvd. Manuel Ávila Camacho 500, Lomas de Chapultepec, CDMX",premium,mcdonalds,McDonald's DiDi,True,McTrio Big Mac Mediano,McTrio Big Mac Mediano,164.77,12.39,17.09,False,,,19,32,164.77,194.25,MXN,data/screenshots/didi_CDMX_09_store_page.png,success,,store_page
20260323_223639_demo,2026-03-23T20:31:39.119276,didi,MX,Ciudad de México,CDMX_09,"Blvd. Manuel Ávila Camacho 500, Lomas de Chapultepec, CDMX",premium,mcdonalds,McDonald's DiDi,True,McNuggets 10 piezas,McNuggets 10 piezas,144.97,12.39,16.97,False,,,19,32,144.97,174.33,MXN,data/screenshots/didi_CDMX_09_store_page.png,success,,store_page
20260323_223639_demo,2026-03-23T20:31:39.119276,didi,MX,Ciudad de México,CDMX_09,"Blvd. Manuel Ávila Camacho 500, Lomas de Chapultepec, CDMX",premium,mcdonalds,McDonald's DiDi,True,Papas a la Francesa Medianas,Papas a la Francesa Medianas,55.09,12.39,5.38,False,,,19,32,55.09,72.86,MXN,data/screenshots/didi_CDMX_09_store_page.png,success,,store_page
20260323_223639_demo,2026-03-23T21:18:39.119276,rappi,MX,Ciudad de México,CDMX_10,"Av. Ermita Iztapalapa 800, Iztacalco, CDMX",residential_medium,mcdonalds,McDonald's (via Rappi),True,Big Mac,Big Mac,109.83,38.53,6.15,False,,,25,40,109.83,154.51,MXN,data/screenshots/rappi_CDMX_10_store_page.png,success,,store_page
20260323_223639_demo,2026-03-23T21:18:39.119276,rappi,MX,Ciudad de México,CDMX_10,"Av. Ermita Iztapalapa 800, Iztacalco, CDMX",residential_medium,mcdonalds,McDonald's (via Rappi),True,McTrio Big Mac Mediano,McTrio Big Mac Mediano,177.29,38.53,12.5,False,,,25,40,177.29,228.32,MXN,data/screenshots/rappi_CDMX_10_store_page.png,success,,store_page
20260323_223639_demo,2026-03-23T21:18:39.119276,rappi,MX,Ciudad de México,CDMX_10,"Av. Ermita Iztapalapa 800, Iztacalco, CDMX",residential_medium,mcdonalds,McDonald's (via Rappi),True,McNuggets 10 piezas,McNuggets 10 piezas,139.49,38.53,16.08,False,,,25,40,139.49,194.1,MXN,data/screenshots/rappi_CDMX_10_store_page.png,success,,store_page
20260323_223639_demo,2026-03-23T21:18:39.119276,rappi,MX,Ciudad de México,CDMX_10,"Av. Ermita Iztapalapa 800, Iztacalco, CDMX",residential_medium,mcdonalds,McDonald's (via Rappi),True,Papas a la Francesa Medianas,Papas a la Francesa Medianas,59.84,38.53,3.28,False,,,25,40,59.84,101.65,MXN,data/screenshots/rappi_CDMX_10_store_page.png,success,,store_page
20260323_223639_demo,2026-03-23T22:16:39.119276,uber,MX,Ciudad de México,CDMX_10,"Av. Ermita Iztapalapa 800, Iztacalco, CDMX",residential_medium,mcdonalds,McDonald's,True,Big Mac,Big Mac,111.88,33.51,19.09,True,,Entrega gratis,25,45,111.88,164.48,MXN,data/screenshots/uber_CDMX_10_store_page.png,success,,store_page
20260323_223639_demo,2026-03-23T22:16:39.119276,uber,MX,Ciudad de México,CDMX_10,"Av. Ermita Iztapalapa 800, Iztacalco, CDMX",residential_medium,mcdonalds,McDonald's,True,McTrio Big Mac Mediano,McTrio Big Mac Mediano,158.71,33.51,22.27,True,,Entrega gratis,25,45,158.71,214.49,MXN,data/screenshots/uber_CDMX_10_store_page.png,success,,store_page
20260323_223639_demo,2026-03-23T22:16:39.119276,uber,MX,Ciudad de México,CDMX_10,"Av. Ermita Iztapalapa 800, Iztacalco, CDMX",residential_medium,mcdonalds,McDonald's,True,McNuggets 10 piezas,McNuggets 10 piezas,147.62,33.51,20.05,True,,Entrega gratis,25,45,147.62,201.18,MXN,data/screenshots/uber_CDMX_10_store_page.png,success,,store_page
20260323_223639_demo,2026-03-23T22:16:39.119276,uber,MX,Ciudad de México,CDMX_10,"Av. Ermita Iztapalapa 800, Iztacalco, CDMX",residential_medium,mcdonalds,McDonald's,True,Papas a la Francesa Medianas,Papas a la Francesa Medianas,56.12,33.51,9.29,True,,Entrega gratis,25,45,56.12,98.92,MXN,data/screenshots/uber_CDMX_10_store_page.png,success,,store_page
20260323_223639_demo,2026-03-23T22:04:39.119276,didi,MX,Ciudad de México,CDMX_10,"Av. Ermita Iztapalapa 800, Iztacalco, CDMX",residential_medium,mcdonalds,McDonald's DiDi,True,Big Mac,Big Mac,91.62,0.0,9.05,False,,,34,56,91.62,100.67,MXN,data/screenshots/didi_CDMX_10_store_page.png,success,,store_page
20260323_223639_demo,2026-03-23T22:04:39.119276,didi,MX,Ciudad de México,CDMX_10,"Av. Ermita Iztapalapa 800, Iztacalco, CDMX",residential_medium,mcdonalds,McDonald's DiDi,True,McTrio Big Mac Mediano,McTrio Big Mac Mediano,158.0,0.0,12.56,False,,,34,56,158.0,170.56,MXN,data/screenshots/didi_CDMX_10_store_page.png,success,,store_page
20260323_223639_demo,2026-03-23T22:04:39.119276,didi,MX,Ciudad de México,CDMX_10,"Av. Ermita Iztapalapa 800, Iztacalco, CDMX",residential_medium,mcdonalds,McDonald's DiDi,True,McNuggets 10 piezas,McNuggets 10 piezas,139.32,0.0,10.46,False,,,34,56,139.32,149.78,MXN,data/screenshots/didi_CDMX_10_store_page.png,success,,store_page
20260323_223639_demo,2026-03-23T22:04:39.119276,didi,MX,Ciudad de México,CDMX_10,"Av. Ermita Iztapalapa 800, Iztacalco, CDMX",residential_medium,mcdonalds,McDonald's DiDi,True,Papas a la Francesa Medianas,Papas a la Francesa Medianas,65.65,0.0,4.69,False,,,34,56,65.65,70.34,MXN,data/screenshots/didi_CDMX_10_store_page.png,success,,store_page
20260323_223639_demo,2026-03-23T20:01:39.119276,rappi,MX,Ciudad de México,CDMX_11,"Xochimilco Km 22, San Gregorio Atlapulco, Xochimilco, CDMX",peripheral,mcdonalds,McDonald's (via Rappi),True,Big Mac,Big Mac,101.85,41.48,11.08,False,,,38,59,101.85,154.41,MXN,data/screenshots/rappi_CDMX_11_store_page.png,success,,store_page
20260323_223639_demo,2026-03-23T20:01:39.119276,rappi,MX,Ciudad de México,CDMX_11,"Xochimilco Km 22, San Gregorio Atlapulco, Xochimilco, CDMX",peripheral,mcdonalds,McDonald's (via Rappi),True,McTrio Big Mac Mediano,McTrio Big Mac Mediano,160.37,41.48,16.56,False,,,38,59,160.37,218.41,MXN,data/screenshots/rappi_CDMX_11_store_page.png,success,,store_page
20260323_223639_demo,2026-03-23T20:01:39.119276,rappi,MX,Ciudad de México,CDMX_11,"Xochimilco Km 22, San Gregorio Atlapulco, Xochimilco, CDMX",peripheral,mcdonalds,McDonald's (via Rappi),True,McNuggets 10 piezas,McNuggets 10 piezas,143.14,41.48,8.64,False,,,38,59,143.14,193.26,MXN,data/screenshots/rappi_CDMX_11_store_page.png,success,,store_page
20260323_223639_demo,2026-03-23T20:01:39.119276,rappi,MX,Ciudad de México,CDMX_11,"Xochimilco Km 22, San Gregorio Atlapulco, Xochimilco, CDMX",peripheral,mcdonalds,McDonald's (via Rappi),True,Papas a la Francesa Medianas,Papas a la Francesa Medianas,58.95,41.48,4.95,False,,,38,59,58.95,105.38,MXN,data/screenshots/rappi_CDMX_11_store_page.png,success,,store_page
20260323_223639_demo,2026-03-23T19:40:39.119276,uber,MX,Ciudad de México,CDMX_11,"Xochimilco Km 22, San Gregorio Atlapulco, Xochimilco, CDMX",peripheral,mcdonalds,McDonald's,True,Big Mac,Big Mac,95.53,33.8,13.59,False,,,38,63,95.53,142.92,MXN,data/screenshots/uber_CDMX_11_store_page.png,success,,store_page
20260323_223639_demo,2026-03-23T19:40:39.119276,uber,MX,Ciudad de México,CDMX_11,"Xochimilco Km 22, San Gregorio Atlapulco, Xochimilco, CDMX",peripheral,mcdonalds,McDonald's,True,McTrio Big Mac Mediano,McTrio Big Mac Mediano,173.09,33.8,28.26,False,,,38,63,173.09,235.15,MXN,data/screenshots/uber_CDMX_11_store_page.png,success,,store_page
20260323_223639_demo,2026-03-23T19:40:39.119276,uber,MX,Ciudad de México,CDMX_11,"Xochimilco Km 22, San Gregorio Atlapulco, Xochimilco, CDMX",peripheral,mcdonalds,McDonald's,True,McNuggets 10 piezas,McNuggets 10 piezas,147.71,33.8,18.5,False,,,38,63,147.71,200.01,MXN,data/screenshots/uber_CDMX_11_store_page.png,success,,store_page
20260323_223639_demo,2026-03-23T19:40:39.119276,uber,MX,Ciudad de México,CDMX_11,"Xochimilco Km 22, San Gregorio Atlapulco, Xochimilco, CDMX",peripheral,mcdonalds,McDonald's,True,Papas a la Francesa Medianas,Papas a la Francesa Medianas,63.47,33.8,7.04,False,,,38,63,63.47,104.31,MXN,data/screenshots/uber_CDMX_11_store_page.png,success,,store_page
20260323_223639_demo,2026-03-23T19:50:39.119276,didi,MX,Ciudad de México,CDMX_11,"Xochimilco Km 22, San Gregorio Atlapulco, Xochimilco, CDMX",peripheral,mcdonalds,McDonald's DiDi,True,Big Mac,Big Mac,103.21,29.09,10.9,False,,,44,70,103.21,143.2,MXN,data/screenshots/didi_CDMX_11_store_page.png,success,,store_page
20260323_223639_demo,2026-03-23T19:50:39.119276,didi,MX,Ciudad de México,CDMX_11,"Xochimilco Km 22, San Gregorio Atlapulco, Xochimilco, CDMX",peripheral,mcdonalds,McDonald's DiDi,True,McTrio Big Mac Mediano,McTrio Big Mac Mediano,166.62,29.09,15.97,False,,,44,70,166.62,211.68,MXN,data/screenshots/didi_CDMX_11_store_page.png,success,,store_page
20260323_223639_demo,2026-03-23T19:50:39.119276,didi,MX,Ciudad de México,CDMX_11,"Xochimilco Km 22, San Gregorio Atlapulco, Xochimilco, CDMX",peripheral,mcdonalds,McDonald's DiDi,True,McNuggets 10 piezas,McNuggets 10 piezas,133.78,29.09,11.8,False,,,44,70,133.78,174.67,MXN,data/screenshots/didi_CDMX_11_store_page.png,success,,store_page
20260323_223639_demo,2026-03-23T19:50:39.119276,didi,MX,Ciudad de México,CDMX_11,"Xochimilco Km 22, San Gregorio Atlapulco, Xochimilco, CDMX",peripheral,mcdonalds,McDonald's DiDi,True,Papas a la Francesa Medianas,Papas a la Francesa Medianas,59.82,29.09,6.41,False,,,44,70,59.82,95.32,MXN,data/screenshots/didi_CDMX_11_store_page.png,success,,store_page
20260323_223639_demo,2026-03-23T21:33:39.119276,rappi,MX,Ciudad de México,CDMX_12,"Av. Paseo de la Reforma 350, Cuauhtémoc, CDMX",commercial,mcdonalds,McDonald's (via Rappi),True,Big Mac,Big Mac,112.2,23.54,9.67,False,,,22,35,112.2,145.41,MXN,data/screenshots/rappi_CDMX_12_store_page.png,success,,store_page
20260323_223639_demo,2026-03-23T21:33:39.119276,rappi,MX,Ciudad de México,CDMX_12,"Av. Paseo de la Reforma 350, Cuauhtémoc, CDMX",commercial,mcdonalds,McDonald's (via Rappi),True,McTrio Big Mac Mediano,McTrio Big Mac Mediano,194.75,23.54,18.03,False,,,22,35,194.75,236.32,MXN,data/screenshots/rappi_CDMX_12_store_page.png,success,,store_page
20260323_223639_demo,2026-03-23T21:33:39.119276,rappi,MX,Ciudad de México,CDMX_12,"Av. Paseo de la Reforma 350, Cuauhtémoc, CDMX",commercial,mcdonalds,McDonald's (via Rappi),True,McNuggets 10 piezas,McNuggets 10 piezas,140.71,23.54,9.68,False,,,22,35,140.71,173.93,MXN,data/screenshots/rappi_CDMX_12_store_page.png,success,,store_page
20260323_223639_demo,2026-03-23T21:33:39.119276,rappi,MX,Ciudad de México,CDMX_12,"Av. Paseo de la Reforma 350, Cuauhtémoc, CDMX",commercial,mcdonalds,McDonald's (via Rappi),True,Papas a la Francesa Medianas,Papas a la Francesa Medianas,62.74,23.54,5.79,False,,,22,35,62.74,92.07,MXN,data/screenshots/rappi_CDMX_12_store_page.png,success,,store_page
20260323_223639_demo,2026-03-23T21:38:39.119276,uber,MX,Ciudad de México,CDMX_12,"Av. Paseo de la Reforma 350, Cuauhtémoc, CDMX",commercial,mcdonalds,McDonald's,True,Big Mac,Big Mac,98.85,0.0,15.06,False,,,20,32,98.85,113.91,MXN,data/screenshots/uber_CDMX_12_store_page.png,success,,store_page
20260323_223639_demo,2026-03-23T21:38:39.119276,uber,MX,Ciudad de México,CDMX_12,"Av. Paseo de la Reforma 350, Cuauhtémoc, CDMX",commercial,mcdonalds,McDonald's,True,McTrio Big Mac Mediano,McTrio Big Mac Mediano,193.05,0.0,26.67,False,,,20,32,193.05,219.72,MXN,data/screenshots/uber_CDMX_12_store_page.png,success,,store_page
20260323_223639_demo,2026-03-23T21:38:39.119276,uber,MX,Ciudad de México,CDMX_12,"Av. Paseo de la Reforma 350, Cuauhtémoc, CDMX",commercial,mcdonalds,McDonald's,True,McNuggets 10 piezas,McNuggets 10 piezas,143.92,0.0,21.01,False,,,20,32,143.92,164.93,MXN,data/screenshots/uber_CDMX_12_store_page.png,success,,store_page
20260323_223639_demo,2026-03-23T21:38:39.119276,uber,MX,Ciudad de México,CDMX_12,"Av. Paseo de la Reforma 350, Cuauhtémoc, CDMX",commercial,mcdonalds,McDonald's,True,Papas a la Francesa Medianas,Papas a la Francesa Medianas,53.91,0.0,9.27,False,,,20,32,53.91,63.18,MXN,data/screenshots/uber_CDMX_12_store_page.png,success,,store_page
20260323_223639_demo,2026-03-23T21:38:39.119276,didi,MX,Ciudad de México,CDMX_12,"Av. Paseo de la Reforma 350, Cuauhtémoc, CDMX",commercial,mcdonalds,McDonald's DiDi,True,Big Mac,Big Mac,109.32,20.3,13.79,True,,30% en tu primer pedido,21,34,109.32,143.41,MXN,data/screenshots/didi_CDMX_12_store_page.png,success,,store_page
20260323_223639_demo,2026-03-23T21:38:39.119276,didi,MX,Ciudad de México,CDMX_12,"Av. Paseo de la Reforma 350, Cuauhtémoc, CDMX",commercial,mcdonalds,McDonald's DiDi,True,McTrio Big Mac Mediano,McTrio Big Mac Mediano,182.27,20.3,20.71,True,,30% en tu primer pedido,21,34,182.27,223.28,MXN,data/screenshots/didi_CDMX_12_store_page.png,success,,store_page
20260323_223639_demo,2026-03-23T21:38:39.119276,didi,MX,Ciudad de México,CDMX_12,"Av. Paseo de la Reforma 350, Cuauhtémoc, CDMX",commercial,mcdonalds,McDonald's DiDi,True,McNuggets 10 piezas,McNuggets 10 piezas,141.59,20.3,15.08,True,,30% en tu primer pedido,21,34,141.59,176.97,MXN,data/screenshots/didi_CDMX_12_store_page.png,success,,store_page
20260323_223639_demo,2026-03-23T21:38:39.119276,didi,MX,Ciudad de México,CDMX_12,"Av. Paseo de la Reforma 350, Cuauhtémoc, CDMX",commercial,mcdonalds,McDonald's DiDi,True,Papas a la Francesa Medianas,Papas a la Francesa Medianas,56.22,20.3,5.73,True,,30% en tu primer pedido,21,34,56.22,82.25,MXN,data/screenshots/didi_CDMX_12_store_page.png,success,,store_page
20260323_223639_demo,2026-03-23T21:25:39.119276,rappi,MX,Guadalajara,GDL_01,"Av. Vallarta 2300, Americana, Guadalajara, Jalisco",premium,mcdonalds,McDonald's (via Rappi),True,Big Mac,Big Mac,103.7,31.98,12.64,False,,,22,33,103.7,148.32,MXN,data/screenshots/rappi_GDL_01_store_page.png,success,,store_page
20260323_223639_demo,2026-03-23T21:25:39.119276,rappi,MX,Guadalajara,GDL_01,"Av. Vallarta 2300, Americana, Guadalajara, Jalisco",premium,mcdonalds,McDonald's (via Rappi),True,McTrio Big Mac Mediano,McTrio Big Mac Mediano,182.18,31.98,10.15,False,,,22,33,182.18,224.31,MXN,data/screenshots/rappi_GDL_01_store_page.png,success,,store_page
20260323_223639_demo,2026-03-23T21:25:39.119276,rappi,MX,Guadalajara,GDL_01,"Av. Vallarta 2300, Americana, Guadalajara, Jalisco",premium,mcdonalds,McDonald's (via Rappi),True,McNuggets 10 piezas,McNuggets 10 piezas,168.03,31.98,16.1,False,,,22,33,168.03,216.11,MXN,data/screenshots/rappi_GDL_01_store_page.png,success,,store_page
20260323_223639_demo,2026-03-23T21:25:39.119276,rappi,MX,Guadalajara,GDL_01,"Av. Vallarta 2300, Americana, Guadalajara, Jalisco",premium,mcdonalds,McDonald's (via Rappi),True,Papas a la Francesa Medianas,Papas a la Francesa Medianas,65.07,31.98,6.02,False,,,22,33,65.07,103.07,MXN,data/screenshots/rappi_GDL_01_store_page.png,success,,store_page
20260323_223639_demo,2026-03-23T20:10:39.119276,uber,MX,Guadalajara,GDL_01,"Av. Vallarta 2300, Americana, Guadalajara, Jalisco",premium,mcdonalds,McDonald's,True,Big Mac,Big Mac,97.67,18.95,14.8,False,,,24,35,97.67,131.42,MXN,data/screenshots/uber_GDL_01_store_page.png,success,,store_page
20260323_223639_demo,2026-03-23T20:10:39.119276,uber,MX,Guadalajara,GDL_01,"Av. Vallarta 2300, Americana, Guadalajara, Jalisco",premium,mcdonalds,McDonald's,True,McTrio Big Mac Mediano,McTrio Big Mac Mediano,180.5,18.95,30.6,False,,,24,35,180.5,230.05,MXN,data/screenshots/uber_GDL_01_store_page.png,success,,store_page
20260323_223639_demo,2026-03-23T20:10:39.119276,uber,MX,Guadalajara,GDL_01,"Av. Vallarta 2300, Americana, Guadalajara, Jalisco",premium,mcdonalds,McDonald's,True,McNuggets 10 piezas,McNuggets 10 piezas,144.63,18.95,19.31,False,,,24,35,144.63,182.89,MXN,data/screenshots/uber_GDL_01_store_page.png,success,,store_page
20260323_223639_demo,2026-03-23T20:10:39.119276,uber,MX,Guadalajara,GDL_01,"Av. Vallarta 2300, Americana, Guadalajara, Jalisco",premium,mcdonalds,McDonald's,True,Papas a la Francesa Medianas,Papas a la Francesa Medianas,56.14,18.95,8.88,False,,,24,35,56.14,83.97,MXN,data/screenshots/uber_GDL_01_store_page.png,success,,store_page
20260323_223639_demo,2026-03-23T21:48:39.119276,didi,MX,Guadalajara,GDL_01,"Av. Vallarta 2300, Americana, Guadalajara, Jalisco",premium,mcdonalds,McDonald's DiDi,True,Big Mac,Big Mac,99.7,12.75,10.46,True,,10% descuento,20,33,99.7,122.91,MXN,data/screenshots/didi_GDL_01_store_page.png,success,,store_page
20260323_223639_demo,2026-03-23T21:48:39.119276,didi,MX,Guadalajara,GDL_01,"Av. Vallarta 2300, Americana, Guadalajara, Jalisco",premium,mcdonalds,McDonald's DiDi,True,McTrio Big Mac Mediano,McTrio Big Mac Mediano,194.28,12.75,17.46,True,,10% descuento,20,33,194.28,224.49,MXN,data/screenshots/didi_GDL_01_store_page.png,success,,store_page
20260323_223639_demo,2026-03-23T21:48:39.119276,didi,MX,Guadalajara,GDL_01,"Av. Vallarta 2300, Americana, Guadalajara, Jalisco",premium,mcdonalds,McDonald's DiDi,True,McNuggets 10 piezas,McNuggets 10 piezas,147.07,12.75,15.39,True,,10% descuento,20,33,147.07,175.21,MXN,data/screenshots/didi_GDL_01_store_page.png,success,,store_page
20260323_223639_demo,2026-03-23T21:48:39.119276,didi,MX,Guadalajara,GDL_01,"Av. Vallarta 2300, Americana, Guadalajara, Jalisco",premium,mcdonalds,McDonald's DiDi,True,Papas a la Francesa Medianas,Papas a la Francesa Medianas,51.16,12.75,3.68,True,,10% descuento,20,33,51.16,67.59,MXN,data/screenshots/didi_GDL_01_store_page.png,success,,store_page
20260323_223639_demo,2026-03-23T20:37:39.119276,rappi,MX,Guadalajara,GDL_02,"Av. López Mateos Sur 4200, Chapalita, Guadalajara, Jalisco",residential_premium,mcdonalds,McDonald's (via Rappi),True,Big Mac,Big Mac,105.39,21.41,9.09,False,,,17,34,105.39,135.89,MXN,data/screenshots/rappi_GDL_02_store_page.png,success,,store_page
20260323_223639_demo,2026-03-23T20:37:39.119276,rappi,MX,Guadalajara,GDL_02,"Av. López Mateos Sur 4200, Chapalita, Guadalajara, Jalisco",residential_premium,mcdonalds,McDonald's (via Rappi),True,McTrio Big Mac Mediano,McTrio Big Mac Mediano,206.4,21.41,20.05,False,,,17,34,206.4,247.86,MXN,data/screenshots/rappi_GDL_02_store_page.png,success,,store_page
20260323_223639_demo,2026-03-23T20:37:39.119276,rappi,MX,Guadalajara,GDL_02,"Av. López Mateos Sur 4200, Chapalita, Guadalajara, Jalisco",residential_premium,mcdonalds,McDonald's (via Rappi),True,McNuggets 10 piezas,McNuggets 10 piezas,150.38,21.41,11.97,False,,,17,34,150.38,183.76,MXN,data/screenshots/rappi_GDL_02_store_page.png,success,,store_page
20260323_223639_demo,2026-03-23T20:37:39.119276,rappi,MX,Guadalajara,GDL_02,"Av. López Mateos Sur 4200, Chapalita, Guadalajara, Jalisco",residential_premium,mcdonalds,McDonald's (via Rappi),True,Papas a la Francesa Medianas,Papas a la Francesa Medianas,55.17,21.41,4.39,False,,,17,34,55.17,80.97,MXN,data/screenshots/rappi_GDL_02_store_page.png,success,,store_page
20260323_223639_demo,2026-03-23T22:21:39.119276,uber,MX,Guadalajara,GDL_02,"Av. López Mateos Sur 4200, Chapalita, Guadalajara, Jalisco",residential_premium,mcdonalds,McDonald's,True,Big Mac,Big Mac,103.24,15.85,13.78,False,,,25,42,103.24,132.87,MXN,data/screenshots/uber_GDL_02_store_page.png,success,,store_page
20260323_223639_demo,2026-03-23T22:21:39.119276,uber,MX,Guadalajara,GDL_02,"Av. López Mateos Sur 4200, Chapalita, Guadalajara, Jalisco",residential_premium,mcdonalds,McDonald's,True,McTrio Big Mac Mediano,McTrio Big Mac Mediano,188.29,15.85,34.02,False,,,25,42,188.29,238.16,MXN,data/screenshots/uber_GDL_02_store_page.png,success,,store_page
20260323_223639_demo,2026-03-23T22:21:39.119276,uber,MX,Guadalajara,GDL_02,"Av. López Mateos Sur 4200, Chapalita, Guadalajara, Jalisco",residential_premium,mcdonalds,McDonald's,True,McNuggets 10 piezas,McNuggets 10 piezas,140.8,15.85,22.25,False,,,25,42,140.8,178.9,MXN,data/screenshots/uber_GDL_02_store_page.png,success,,store_page
20260323_223639_demo,2026-03-23T22:21:39.119276,uber,MX,Guadalajara,GDL_02,"Av. López Mateos Sur 4200, Chapalita, Guadalajara, Jalisco",residential_premium,mcdonalds,McDonald's,True,Papas a la Francesa Medianas,Papas a la Francesa Medianas,59.55,15.85,8.45,False,,,25,42,59.55,83.85,MXN,data/screenshots/uber_GDL_02_store_page.png,success,,store_page
20260323_223639_demo,2026-03-23T21:33:39.119276,didi,MX,Guadalajara,GDL_02,"Av. López Mateos Sur 4200, Chapalita, Guadalajara, Jalisco",residential_premium,mcdonalds,McDonald's DiDi,True,Big Mac,Big Mac,104.15,14.9,10.62,True,,30% en tu primer pedido,25,39,104.15,129.67,MXN,data/screenshots/didi_GDL_02_store_page.png,success,,store_page
20260323_223639_demo,2026-03-23T21:33:39.119276,didi,MX,Guadalajara,GDL_02,"Av. López Mateos Sur 4200, Chapalita, Guadalajara, Jalisco",residential_premium,mcdonalds,McDonald's DiDi,True,McTrio Big Mac Mediano,McTrio Big Mac Mediano,175.59,14.9,17.65,True,,30% en tu primer pedido,25,39,175.59,208.14,MXN,data/screenshots/didi_GDL_02_store_page.png,success,,store_page
20260323_223639_demo,2026-03-23T21:33:39.119276,didi,MX,Guadalajara,GDL_02,"Av. López Mateos Sur 4200, Chapalita, Guadalajara, Jalisco",residential_premium,mcdonalds,McDonald's DiDi,True,McNuggets 10 piezas,McNuggets 10 piezas,153.38,14.9,19.79,True,,30% en tu primer pedido,25,39,153.38,188.07,MXN,data/screenshots/didi_GDL_02_store_page.png,success,,store_page
20260323_223639_demo,2026-03-23T21:33:39.119276,didi,MX,Guadalajara,GDL_02,"Av. López Mateos Sur 4200, Chapalita, Guadalajara, Jalisco",residential_premium,mcdonalds,McDonald's DiDi,True,Papas a la Francesa Medianas,Papas a la Francesa Medianas,63.9,14.9,9.14,True,,30% en tu primer pedido,25,39,63.9,87.94,MXN,data/screenshots/didi_GDL_02_store_page.png,success,,store_page
20260323_223639_demo,2026-03-23T21:25:39.119276,rappi,MX,Guadalajara,GDL_03,"Av. Patria 1000, Zapopan, Jalisco",commercial,mcdonalds,McDonald's (via Rappi),True,Big Mac,Big Mac,111.98,23.16,9.37,True,,2x1 bebidas,26,40,111.98,144.51,MXN,data/screenshots/rappi_GDL_03_store_page.png,success,,store_page
20260323_223639_demo,2026-03-23T21:25:39.119276,rappi,MX,Guadalajara,GDL_03,"Av. Patria 1000, Zapopan, Jalisco",commercial,mcdonalds,McDonald's (via Rappi),True,McTrio Big Mac Mediano,McTrio Big Mac Mediano,211.28,23.16,13.49,True,,2x1 bebidas,26,40,211.28,247.93,MXN,data/screenshots/rappi_GDL_03_store_page.png,success,,store_page
20260323_223639_demo,2026-03-23T21:25:39.119276,rappi,MX,Guadalajara,GDL_03,"Av. Patria 1000, Zapopan, Jalisco",commercial,mcdonalds,McDonald's (via Rappi),True,McNuggets 10 piezas,McNuggets 10 piezas,140.6,23.16,9.56,True,,2x1 bebidas,26,40,140.6,173.32,MXN,data/screenshots/rappi_GDL_03_store_page.png,success,,store_page
20260323_223639_demo,2026-03-23T21:25:39.119276,rappi,MX,Guadalajara,GDL_03,"Av. Patria 1000, Zapopan, Jalisco",commercial,mcdonalds,McDonald's (via Rappi),True,Papas a la Francesa Medianas,Papas a la Francesa Medianas,49.0,23.16,3.4,True,,2x1 bebidas,26,40,49.0,75.56,MXN,data/screenshots/rappi_GDL_03_store_page.png,success,,store_page
20260323_223639_demo,2026-03-23T22:24:39.119276,uber,MX,Guadalajara,GDL_03,"Av. Patria 1000, Zapopan, Jalisco",commercial,mcdonalds,McDonald's,True,Big Mac,Big Mac,100.05,16.2,15.69,False,,,25,37,100.05,131.94,MXN,data/screenshots/uber_GDL_03_store_page.png,success,,store_page
20260323_223639_demo,2026-03-23T22:24:39.119276,uber,MX,Guadalajara,GDL_03,"Av. Patria 1000, Zapopan, Jalisco",commercial,mcdonalds,McDonald's,True,McTrio Big Mac Mediano,McTrio Big Mac Mediano,199.64,16.2,33.74,False,,,25,37,199.64,249.58,MXN,data/screenshots/uber_GDL_03_store_page.png,success,,store_page
20260323_223639_demo,2026-03-23T22:24:39.119276,uber,MX,Guadalajara,GDL_03,"Av. Patria 1000, Zapopan, Jalisco",commercial,mcdonalds,McDonald's,True,McNuggets 10 piezas,McNuggets 10 piezas,133.81,16.2,17.67,False,,,25,37,133.81,167.68,MXN,data/screenshots/uber_GDL_03_store_page.png,success,,store_page
20260323_223639_demo,2026-03-23T22:24:39.119276,uber,MX,Guadalajara,GDL_03,"Av. Patria 1000, Zapopan, Jalisco",commercial,mcdonalds,McDonald's,True,Papas a la Francesa Medianas,Papas a la Francesa Medianas,57.46,16.2,7.1,False,,,25,37,57.46,80.76,MXN,data/screenshots/uber_GDL_03_store_page.png,success,,store_page
20260323_223639_demo,2026-03-23T21:36:39.119276,didi,MX,Guadalajara,GDL_03,"Av. Patria 1000, Zapopan, Jalisco",commercial,mcdonalds,McDonald's DiDi,True,Big Mac,Big Mac,112.61,24.33,10.2,True,,10% descuento,22,38,112.61,147.14,MXN,data/screenshots/didi_GDL_03_store_page.png,success,,store_page
20260323_223639_demo,2026-03-23T21:36:39.119276,didi,MX,Guadalajara,GDL_03,"Av. Patria 1000, Zapopan, Jalisco",commercial,mcdonalds,McDonald's DiDi,True,McTrio Big Mac Mediano,McTrio Big Mac Mediano,159.73,24.33,20.3,True,,10% descuento,22,38,159.73,204.36,MXN,data/screenshots/didi_GDL_03_store_page.png,success,,store_page
20260323_223639_demo,2026-03-23T21:36:39.119276,didi,MX,Guadalajara,GDL_03,"Av. Patria 1000, Zapopan, Jalisco",commercial,mcdonalds,McDonald's DiDi,True,McNuggets 10 piezas,McNuggets 10 piezas,143.74,24.33,17.93,True,,10% descuento,22,38,143.74,186.0,MXN,data/screenshots/didi_GDL_03_store_page.png,success,,store_page
20260323_223639_demo,2026-03-23T21:36:39.119276,didi,MX,Guadalajara,GDL_03,"Av. Patria 1000, Zapopan, Jalisco",commercial,mcdonalds,McDonald's DiDi,True,Papas a la Francesa Medianas,Papas a la Francesa Medianas,47.43,24.33,4.17,True,,10% descuento,22,38,47.43,75.93,MXN,data/screenshots/didi_GDL_03_store_page.png,success,,store_page
20260323_223639_demo,2026-03-23T22:21:39.119276,rappi,MX,Guadalajara,GDL_04,"Av. 8 de Julio 1990, Centro Histórico, Guadalajara, Jalisco",residential_medium,mcdonalds,McDonald's (via Rappi),True,Big Mac,Big Mac,102.94,0.0,8.33,False,,,24,42,102.94,111.27,MXN,data/screenshots/rappi_GDL_04_store_page.png,success,,store_page
20260323_223639_demo,2026-03-23T22:21:39.119276,rappi,MX,Guadalajara,GDL_04,"Av. 8 de Julio 1990, Centro Histórico, Guadalajara, Jalisco",residential_medium,mcdonalds,McDonald's (via Rappi),True,McTrio Big Mac Mediano,McTrio Big Mac Mediano,175.9,0.0,16.26,False,,,24,42,175.9,192.16,MXN,data/screenshots/rappi_GDL_04_store_page.png,success,,store_page
20260323_223639_demo,2026-03-23T22:21:39.119276,rappi,MX,Guadalajara,GDL_04,"Av. 8 de Julio 1990, Centro Histórico, Guadalajara, Jalisco",residential_medium,mcdonalds,McDonald's (via Rappi),True,McNuggets 10 piezas,McNuggets 10 piezas,135.34,0.0,10.44,False,,,24,42,135.34,145.78,MXN,data/screenshots/rappi_GDL_04_store_page.png,success,,store_page
20260323_223639_demo,2026-03-23T22:21:39.119276,rappi,MX,Guadalajara,GDL_04,"Av. 8 de Julio 1990, Centro Histórico, Guadalajara, Jalisco",residential_medium,mcdonalds,McDonald's (via Rappi),True,Papas a la Francesa Medianas,Papas a la Francesa Medianas,58.42,0.0,5.27,False,,,24,42,58.42,63.69,MXN,data/screenshots/rappi_GDL_04_store_page.png,success,,store_page
20260323_223639_demo,2026-03-23T20:40:39.119276,uber,MX,Guadalajara,GDL_04,"Av. 8 de Julio 1990, Centro Histórico, Guadalajara, Jalisco",residential_medium,mcdonalds,McDonald's,True,Big Mac,Big Mac,89.15,32.27,10.64,False,,,28,46,89.15,132.06,MXN,data/screenshots/uber_GDL_04_store_page.png,success,,store_page
20260323_223639_demo,2026-03-23T20:40:39.119276,uber,MX,Guadalajara,GDL_04,"Av. 8 de Julio 1990, Centro Histórico, Guadalajara, Jalisco",residential_medium,mcdonalds,McDonald's,True,McTrio Big Mac Mediano,McTrio Big Mac Mediano,189.47,32.27,29.68,False,,,28,46,189.47,251.42,MXN,data/screenshots/uber_GDL_04_store_page.png,success,,store_page
20260323_223639_demo,2026-03-23T20:40:39.119276,uber,MX,Guadalajara,GDL_04,"Av. 8 de Julio 1990, Centro Histórico, Guadalajara, Jalisco",residential_medium,mcdonalds,McDonald's,True,McNuggets 10 piezas,McNuggets 10 piezas,129.48,32.27,23.44,False,,,28,46,129.48,185.19,MXN,data/screenshots/uber_GDL_04_store_page.png,success,,store_page
20260323_223639_demo,2026-03-23T20:40:39.119276,uber,MX,Guadalajara,GDL_04,"Av. 8 de Julio 1990, Centro Histórico, Guadalajara, Jalisco",residential_medium,mcdonalds,McDonald's,True,Papas a la Francesa Medianas,Papas a la Francesa Medianas,54.48,32.27,9.46,False,,,28,46,54.48,96.21,MXN,data/screenshots/uber_GDL_04_store_page.png,success,,store_page
20260323_223639_demo,2026-03-23T20:14:39.119276,didi,MX,Guadalajara,GDL_04,"Av. 8 de Julio 1990, Centro Histórico, Guadalajara, Jalisco",residential_medium,mcdonalds,McDonald's DiDi,True,Big Mac,Big Mac,118.51,22.34,16.01,True,20.0,Cupón $20 off,34,53,118.51,136.86,MXN,data/screenshots/didi_GDL_04_store_page.png,success,,store_page
20260323_223639_demo,2026-03-23T20:14:39.119276,didi,MX,Guadalajara,GDL_04,"Av. 8 de Julio 1990, Centro Histórico, Guadalajara, Jalisco",residential_medium,mcdonalds,McDonald's DiDi,True,McTrio Big Mac Mediano,McTrio Big Mac Mediano,175.12,22.34,20.91,True,20.0,Cupón $20 off,34,53,175.12,198.37,MXN,data/screenshots/didi_GDL_04_store_page.png,success,,store_page
20260323_223639_demo,2026-03-23T20:14:39.119276,didi,MX,Guadalajara,GDL_04,"Av. 8 de Julio 1990, Centro Histórico, Guadalajara, Jalisco",residential_medium,mcdonalds,McDonald's DiDi,True,McNuggets 10 piezas,McNuggets 10 piezas,149.2,22.34,19.0,True,20.0,Cupón $20 off,34,53,149.2,170.54,MXN,data/screenshots/didi_GDL_04_store_page.png,success,,store_page
20260323_223639_demo,2026-03-23T20:14:39.119276,didi,MX,Guadalajara,GDL_04,"Av. 8 de Julio 1990, Centro Histórico, Guadalajara, Jalisco",residential_medium,mcdonalds,McDonald's DiDi,True,Papas a la Francesa Medianas,Papas a la Francesa Medianas,50.07,22.34,5.69,True,20.0,Cupón $20 off,34,53,50.07,58.1,MXN,data/screenshots/didi_GDL_04_store_page.png,success,,store_page
20260323_223639_demo,2026-03-23T20:08:39.119276,rappi,MX,Guadalajara,GDL_05,"Carretera a El Salto Km 5, Tonalá, Jalisco",peripheral,mcdonalds,McDonald's (via Rappi),True,Big Mac,Big Mac,89.0,53.47,5.01,True,,Envío gratis en tu primera orden,40,60,89.0,147.48,MXN,data/screenshots/rappi_GDL_05_store_page.png,success,,store_page
20260323_223639_demo,2026-03-23T20:08:39.119276,rappi,MX,Guadalajara,GDL_05,"Carretera a El Salto Km 5, Tonalá, Jalisco",peripheral,mcdonalds,McDonald's (via Rappi),True,McTrio Big Mac Mediano,McTrio Big Mac Mediano,159.0,53.47,11.86,True,,Envío gratis en tu primera orden,40,60,159.0,224.33,MXN,data/screenshots/rappi_GDL_05_store_page.png,success,,store_page
20260323_223639_demo,2026-03-23T20:08:39.119276,rappi,MX,Guadalajara,GDL_05,"Carretera a El Salto Km 5, Tonalá, Jalisco",peripheral,mcdonalds,McDonald's (via Rappi),True,McNuggets 10 piezas,McNuggets 10 piezas,150.22,53.47,16.53,True,,Envío gratis en tu primera orden,40,60,150.22,220.22,MXN,data/screenshots/rappi_GDL_05_store_page.png,success,,store_page
20260323_223639_demo,2026-03-23T20:08:39.119276,rappi,MX,Guadalajara,GDL_05,"Carretera a El Salto Km 5, Tonalá, Jalisco",peripheral,mcdonalds,McDonald's (via Rappi),True,Papas a la Francesa Medianas,Papas a la Francesa Medianas,57.01,53.47,6.42,True,,Envío gratis en tu primera orden,40,60,57.01,116.9,MXN,data/screenshots/rappi_GDL_05_store_page.png,success,,store_page
20260323_223639_demo,2026-03-23T20:28:39.119276,uber,MX,Guadalajara,GDL_05,"Carretera a El Salto Km 5, Tonalá, Jalisco",peripheral,mcdonalds,McDonald's,True,Big Mac,Big Mac,85.38,0.0,9.9,False,,,43,64,85.38,95.28,MXN,data/screenshots/uber_GDL_05_store_page.png,success,,store_page
20260323_223639_demo,2026-03-23T20:28:39.119276,uber,MX,Guadalajara,GDL_05,"Carretera a El Salto Km 5, Tonalá, Jalisco",peripheral,mcdonalds,McDonald's,True,McTrio Big Mac Mediano,McTrio Big Mac Mediano,171.23,0.0,27.0,False,,,43,64,171.23,198.23,MXN,data/screenshots/uber_GDL_05_store_page.png,success,,store_page
20260323_223639_demo,2026-03-23T20:28:39.119276,uber,MX,Guadalajara,GDL_05,"Carretera a El Salto Km 5, Tonalá, Jalisco",peripheral,mcdonalds,McDonald's,True,McNuggets 10 piezas,McNuggets 10 piezas,133.15,0.0,14.47,False,,,43,64,133.15,147.62,MXN,data/screenshots/uber_GDL_05_store_page.png,success,,store_page
20260323_223639_demo,2026-03-23T20:28:39.119276,uber,MX,Guadalajara,GDL_05,"Carretera a El Salto Km 5, Tonalá, Jalisco",peripheral,mcdonalds,McDonald's,True,Papas a la Francesa Medianas,Papas a la Francesa Medianas,52.35,0.0,6.49,False,,,43,64,52.35,58.84,MXN,data/screenshots/uber_GDL_05_store_page.png,success,,store_page
20260323_223639_demo,2026-03-23T21:49:39.119276,didi,MX,Guadalajara,GDL_05,"Carretera a El Salto Km 5, Tonalá, Jalisco",peripheral,mcdonalds,McDonald's DiDi,True,Big Mac,Big Mac,103.95,0.0,11.16,False,,,40,67,103.95,115.11,MXN,data/screenshots/didi_GDL_05_store_page.png,success,,store_page
20260323_223639_demo,2026-03-23T21:49:39.119276,didi,MX,Guadalajara,GDL_05,"Carretera a El Salto Km 5, Tonalá, Jalisco",peripheral,mcdonalds,McDonald's DiDi,True,McTrio Big Mac Mediano,McTrio Big Mac Mediano,162.5,0.0,14.58,False,,,40,67,162.5,177.08,MXN,data/screenshots/didi_GDL_05_store_page.png,success,,store_page
20260323_223639_demo,2026-03-23T21:49:39.119276,didi,MX,Guadalajara,GDL_05,"Carretera a El Salto Km 5, Tonalá, Jalisco",peripheral,mcdonalds,McDonald's DiDi,True,McNuggets 10 piezas,McNuggets 10 piezas,127.55,0.0,12.6,False,,,40,67,127.55,140.15,MXN,data/screenshots/didi_GDL_05_store_page.png,success,,store_page
20260323_223639_demo,2026-03-23T21:49:39.119276,didi,MX,Guadalajara,GDL_05,"Carretera a El Salto Km 5, Tonalá, Jalisco",peripheral,mcdonalds,McDonald's DiDi,True,Papas a la Francesa Medianas,Papas a la Francesa Medianas,60.45,0.0,4.85,False,,,40,67,60.45,65.3,MXN,data/screenshots/didi_GDL_05_store_page.png,success,,store_page
20260323_223639_demo,2026-03-23T20:53:39.119276,rappi,MX,Guadalajara,GDL_06,"Av. Acueducto 1700, Puerta de Hierro, Zapopan, Jalisco",premium,mcdonalds,McDonald's (via Rappi),True,Big Mac,Big Mac,106.01,31.52,6.8,False,,,16,30,106.01,144.33,MXN,data/screenshots/rappi_GDL_06_store_page.png,success,,store_page
20260323_223639_demo,2026-03-23T20:53:39.119276,rappi,MX,Guadalajara,GDL_06,"Av. Acueducto 1700, Puerta de Hierro, Zapopan, Jalisco",premium,mcdonalds,McDonald's (via Rappi),True,McTrio Big Mac Mediano,McTrio Big Mac Mediano,192.97,31.52,11.44,False,,,16,30,192.97,235.93,MXN,data/screenshots/rappi_GDL_06_store_page.png,success,,store_page
20260323_223639_demo,2026-03-23T20:53:39.119276,rappi,MX,Guadalajara,GDL_06,"Av. Acueducto 1700, Puerta de Hierro, Zapopan, Jalisco",premium,mcdonalds,McDonald's (via Rappi),True,McNuggets 10 piezas,McNuggets 10 piezas,150.91,31.52,8.46,False,,,16,30,150.91,190.89,MXN,data/screenshots/rappi_GDL_06_store_page.png,success,,store_page
20260323_223639_demo,2026-03-23T20:53:39.119276,rappi,MX,Guadalajara,GDL_06,"Av. Acueducto 1700, Puerta de Hierro, Zapopan, Jalisco",premium,mcdonalds,McDonald's (via Rappi),True,Papas a la Francesa Medianas,Papas a la Francesa Medianas,71.77,31.52,5.79,False,,,16,30,71.77,109.08,MXN,data/screenshots/rappi_GDL_06_store_page.png,success,,store_page
20260323_223639_demo,2026-03-23T19:58:39.119276,uber,MX,Guadalajara,GDL_06,"Av. Acueducto 1700, Puerta de Hierro, Zapopan, Jalisco",premium,mcdonalds,McDonald's,True,Big Mac,Big Mac,105.45,16.2,15.58,False,,,18,31,105.45,137.23,MXN,data/screenshots/uber_GDL_06_store_page.png,success,,store_page
20260323_223639_demo,2026-03-23T19:58:39.119276,uber,MX,Guadalajara,GDL_06,"Av. Acueducto 1700, Puerta de Hierro, Zapopan, Jalisco",premium,mcdonalds,McDonald's,True,McTrio Big Mac Mediano,McTrio Big Mac Mediano,185.52,16.2,30.11,False,,,18,31,185.52,231.83,MXN,data/screenshots/uber_GDL_06_store_page.png,success,,store_page
20260323_223639_demo,2026-03-23T19:58:39.119276,uber,MX,Guadalajara,GDL_06,"Av. Acueducto 1700, Puerta de Hierro, Zapopan, Jalisco",premium,mcdonalds,McDonald's,True,McNuggets 10 piezas,McNuggets 10 piezas,152.77,16.2,21.29,False,,,18,31,152.77,190.26,MXN,data/screenshots/uber_GDL_06_store_page.png,success,,store_page
20260323_223639_demo,2026-03-23T19:58:39.119276,uber,MX,Guadalajara,GDL_06,"Av. Acueducto 1700, Puerta de Hierro, Zapopan, Jalisco",premium,mcdonalds,McDonald's,True,Papas a la Francesa Medianas,Papas a la Francesa Medianas,54.87,16.2,7.93,False,,,18,31,54.87,79.0,MXN,data/screenshots/uber_GDL_06_store_page.png,success,,store_page
20260323_223639_demo,2026-03-23T21:16:39.119276,didi,MX,Guadalajara,GDL_06,"Av. Acueducto 1700, Puerta de Hierro, Zapopan, Jalisco",premium,mcdonalds,McDonald's DiDi,True,Big Mac,Big Mac,93.46,5.79,11.9,True,,Envío gratis,23,37,93.46,111.15,MXN,data/screenshots/didi_GDL_06_store_page.png,success,,store_page
20260323_223639_demo,2026-03-23T21:16:39.119276,didi,MX,Guadalajara,GDL_06,"Av. Acueducto 1700, Puerta de Hierro, Zapopan, Jalisco",premium,mcdonalds,McDonald's DiDi,True,McTrio Big Mac Mediano,McTrio Big Mac Mediano,212.48,5.79,20.19,True,,Envío gratis,23,37,212.48,238.46,MXN,data/screenshots/didi_GDL_06_store_page.png,success,,store_page
20260323_223639_demo,2026-03-23T21:16:39.119276,didi,MX,Guadalajara,GDL_06,"Av. Acueducto 1700, Puerta de Hierro, Zapopan, Jalisco",premium,mcdonalds,McDonald's DiDi,True,McNuggets 10 piezas,McNuggets 10 piezas,158.59,5.79,16.85,True,,Envío gratis,23,37,158.59,181.23,MXN,data/screenshots/didi_GDL_06_store_page.png,success,,store_page
20260323_223639_demo,2026-03-23T21:16:39.119276,didi,MX,Guadalajara,GDL_06,"Av. Acueducto 1700, Puerta de Hierro, Zapopan, Jalisco",premium,mcdonalds,McDonald's DiDi,True,Papas a la Francesa Medianas,Papas a la Francesa Medianas,78.32,5.79,9.59,True,,Envío gratis,23,37,78.32,93.7,MXN,data/screenshots/didi_GDL_06_store_page.png,success,,store_page
20260323_223639_demo,2026-03-23T20:55:39.119276,rappi,MX,Monterrey,MTY_01,"Av. Garza Sada 2501, Tecnológico, Monterrey, Nuevo León",commercial,mcdonalds,McDonald's (via Rappi),True,Big Mac,Big Mac,97.36,26.36,4.66,False,,,21,39,97.36,128.38,MXN,data/screenshots/rappi_MTY_01_store_page.png,success,,store_page
20260323_223639_demo,2026-03-23T20:55:39.119276,rappi,MX,Monterrey,MTY_01,"Av. Garza Sada 2501, Tecnológico, Monterrey, Nuevo León",commercial,mcdonalds,McDonald's (via Rappi),True,McTrio Big Mac Mediano,McTrio Big Mac Mediano,187.44,26.36,12.16,False,,,21,39,187.44,225.96,MXN,data/screenshots/rappi_MTY_01_store_page.png,success,,store_page
20260323_223639_demo,2026-03-23T20:55:39.119276,rappi,MX,Monterrey,MTY_01,"Av. Garza Sada 2501, Tecnológico, Monterrey, Nuevo León",commercial,mcdonalds,McDonald's (via Rappi),True,McNuggets 10 piezas,McNuggets 10 piezas,134.78,26.36,9.04,False,,,21,39,134.78,170.18,MXN,data/screenshots/rappi_MTY_01_store_page.png,success,,store_page
20260323_223639_demo,2026-03-23T20:55:39.119276,rappi,MX,Monterrey,MTY_01,"Av. Garza Sada 2501, Tecnológico, Monterrey, Nuevo León",commercial,mcdonalds,McDonald's (via Rappi),True,Papas a la Francesa Medianas,Papas a la Francesa Medianas,53.59,26.36,6.1,False,,,21,39,53.59,86.05,MXN,data/screenshots/rappi_MTY_01_store_page.png,success,,store_page
20260323_223639_demo,2026-03-23T22:18:39.119276,uber,MX,Monterrey,MTY_01,"Av. Garza Sada 2501, Tecnológico, Monterrey, Nuevo León",commercial,mcdonalds,McDonald's,True,Big Mac,Big Mac,98.94,24.41,17.77,False,,,17,32,98.94,141.12,MXN,data/screenshots/uber_MTY_01_store_page.png,success,,store_page
20260323_223639_demo,2026-03-23T22:18:39.119276,uber,MX,Monterrey,MTY_01,"Av. Garza Sada 2501, Tecnológico, Monterrey, Nuevo León",commercial,mcdonalds,McDonald's,True,McTrio Big Mac Mediano,McTrio Big Mac Mediano,179.85,24.41,23.88,False,,,17,32,179.85,228.14,MXN,data/screenshots/uber_MTY_01_store_page.png,success,,store_page
20260323_223639_demo,2026-03-23T22:18:39.119276,uber,MX,Monterrey,MTY_01,"Av. Garza Sada 2501, Tecnológico, Monterrey, Nuevo León",commercial,mcdonalds,McDonald's,True,McNuggets 10 piezas,McNuggets 10 piezas,152.71,24.41,24.55,False,,,17,32,152.71,201.67,MXN,data/screenshots/uber_MTY_01_store_page.png,success,,store_page
20260323_223639_demo,2026-03-23T22:18:39.119276,uber,MX,Monterrey,MTY_01,"Av. Garza Sada 2501, Tecnológico, Monterrey, Nuevo León",commercial,mcdonalds,McDonald's,True,Papas a la Francesa Medianas,Papas a la Francesa Medianas,49.81,24.41,7.28,False,,,17,32,49.81,81.5,MXN,data/screenshots/uber_MTY_01_store_page.png,success,,store_page
20260323_223639_demo,2026-03-23T22:11:39.119276,didi,MX,Monterrey,MTY_01,"Av. Garza Sada 2501, Tecnológico, Monterrey, Nuevo León",commercial,mcdonalds,McDonald's DiDi,True,Big Mac,Big Mac,94.12,0.0,6.81,True,,Envío gratis,21,38,94.12,100.93,MXN,data/screenshots/didi_MTY_01_store_page.png,success,,store_page
20260323_223639_demo,2026-03-23T22:11:39.119276,didi,MX,Monterrey,MTY_01,"Av. Garza Sada 2501, Tecnológico, Monterrey, Nuevo León",commercial,mcdonalds,McDonald's DiDi,True,McTrio Big Mac Mediano,McTrio Big Mac Mediano,194.04,0.0,26.81,True,,Envío gratis,21,38,194.04,220.85,MXN,data/screenshots/didi_MTY_01_store_page.png,success,,store_page
20260323_223639_demo,2026-03-23T22:11:39.119276,didi,MX,Monterrey,MTY_01,"Av. Garza Sada 2501, Tecnológico, Monterrey, Nuevo León",commercial,mcdonalds,McDonald's DiDi,True,McNuggets 10 piezas,McNuggets 10 piezas,129.62,0.0,14.42,True,,Envío gratis,21,38,129.62,144.04,MXN,data/screenshots/didi_MTY_01_store_page.png,success,,store_page
20260323_223639_demo,2026-03-23T22:11:39.119276,didi,MX,Monterrey,MTY_01,"Av. Garza Sada 2501, Tecnológico, Monterrey, Nuevo León",commercial,mcdonalds,McDonald's DiDi,True,Papas a la Francesa Medianas,Papas a la Francesa Medianas,53.1,0.0,4.79,True,,Envío gratis,21,38,53.1,57.89,MXN,data/screenshots/didi_MTY_01_store_page.png,success,,store_page
20260323_223639_demo,2026-03-23T22:19:39.119276,rappi,MX,Monterrey,MTY_02,"Av. Vasconcelos 150, San Pedro Garza García, Nuevo León",premium,mcdonalds,McDonald's (via Rappi),True,Big Mac,Big Mac,103.34,26.04,8.37,False,,,18,30,103.34,137.75,MXN,data/screenshots/rappi_MTY_02_store_page.png,success,,store_page
20260323_223639_demo,2026-03-23T22:19:39.119276,rappi,MX,Monterrey,MTY_02,"Av. Vasconcelos 150, San Pedro Garza García, Nuevo León",premium,mcdonalds,McDonald's (via Rappi),True,McTrio Big Mac Mediano,McTrio Big Mac Mediano,184.28,26.04,15.74,False,,,18,30,184.28,226.06,MXN,data/screenshots/rappi_MTY_02_store_page.png,success,,store_page
20260323_223639_demo,2026-03-23T22:19:39.119276,rappi,MX,Monterrey,MTY_02,"Av. Vasconcelos 150, San Pedro Garza García, Nuevo León",premium,mcdonalds,McDonald's (via Rappi),True,McNuggets 10 piezas,McNuggets 10 piezas,155.95,26.04,11.73,False,,,18,30,155.95,193.72,MXN,data/screenshots/rappi_MTY_02_store_page.png,success,,store_page
20260323_223639_demo,2026-03-23T22:19:39.119276,rappi,MX,Monterrey,MTY_02,"Av. Vasconcelos 150, San Pedro Garza García, Nuevo León",premium,mcdonalds,McDonald's (via Rappi),True,Papas a la Francesa Medianas,Papas a la Francesa Medianas,57.41,26.04,3.93,False,,,18,30,57.41,87.38,MXN,data/screenshots/rappi_MTY_02_store_page.png,success,,store_page
20260323_223639_demo,2026-03-23T20:17:39.119276,uber,MX,Monterrey,MTY_02,"Av. Vasconcelos 150, San Pedro Garza García, Nuevo León",premium,mcdonalds,McDonald's,True,Big Mac,Big Mac,107.46,22.02,14.02,False,,,21,35,107.46,143.5,MXN,data/screenshots/uber_MTY_02_store_page.png,success,,store_page
20260323_223639_demo,2026-03-23T20:17:39.119276,uber,MX,Monterrey,MTY_02,"Av. Vasconcelos 150, San Pedro Garza García, Nuevo León",premium,mcdonalds,McDonald's,True,McTrio Big Mac Mediano,McTrio Big Mac Mediano,189.04,22.02,31.2,False,,,21,35,189.04,242.26,MXN,data/screenshots/uber_MTY_02_store_page.png,success,,store_page
20260323_223639_demo,2026-03-23T20:17:39.119276,uber,MX,Monterrey,MTY_02,"Av. Vasconcelos 150, San Pedro Garza García, Nuevo León",premium,mcdonalds,McDonald's,True,McNuggets 10 piezas,McNuggets 10 piezas,130.93,22.02,21.06,False,,,21,35,130.93,174.01,MXN,data/screenshots/uber_MTY_02_store_page.png,success,,store_page
20260323_223639_demo,2026-03-23T20:17:39.119276,uber,MX,Monterrey,MTY_02,"Av. Vasconcelos 150, San Pedro Garza García, Nuevo León",premium,mcdonalds,McDonald's,True,Papas a la Francesa Medianas,Papas a la Francesa Medianas,54.44,22.02,8.79,False,,,21,35,54.44,85.25,MXN,data/screenshots/uber_MTY_02_store_page.png,success,,store_page
20260323_223639_demo,2026-03-23T20:21:39.119276,didi,MX,Monterrey,MTY_02,"Av. Vasconcelos 150, San Pedro Garza García, Nuevo León",premium,mcdonalds,McDonald's DiDi,True,Big Mac,Big Mac,90.86,11.95,6.13,True,20.0,Cupón $20 off,19,37,90.86,88.94,MXN,data/screenshots/didi_MTY_02_store_page.png,success,,store_page
20260323_223639_demo,2026-03-23T20:21:39.119276,didi,MX,Monterrey,MTY_02,"Av. Vasconcelos 150, San Pedro Garza García, Nuevo León",premium,mcdonalds,McDonald's DiDi,True,McTrio Big Mac Mediano,McTrio Big Mac Mediano,191.73,11.95,20.17,True,20.0,Cupón $20 off,19,37,191.73,203.85,MXN,data/screenshots/didi_MTY_02_store_page.png,success,,store_page
20260323_223639_demo,2026-03-23T20:21:39.119276,didi,MX,Monterrey,MTY_02,"Av. Vasconcelos 150, San Pedro Garza García, Nuevo León",premium,mcdonalds,McDonald's DiDi,True,McNuggets 10 piezas,McNuggets 10 piezas,142.3,11.95,16.05,True,20.0,Cupón $20 off,19,37,142.3,150.3,MXN,data/screenshots/didi_MTY_02_store_page.png,success,,store_page
20260323_223639_demo,2026-03-23T20:21:39.119276,didi,MX,Monterrey,MTY_02,"Av. Vasconcelos 150, San Pedro Garza García, Nuevo León",premium,mcdonalds,McDonald's DiDi,True,Papas a la Francesa Medianas,Papas a la Francesa Medianas,49.88,11.95,4.92,True,20.0,Cupón $20 off,19,37,49.88,46.75,MXN,data/screenshots/didi_MTY_02_store_page.png,success,,store_page
20260323_223639_demo,2026-03-23T22:02:39.119276,rappi,MX,Monterrey,MTY_03,"Av. Revolución 2300, Monterrey, Nuevo León",residential_medium,mcdonalds,McDonald's (via Rappi),True,Big Mac,Big Mac,97.69,26.52,7.91,False,,,26,41,97.69,132.12,MXN,data/screenshots/rappi_MTY_03_store_page.png,success,,store_page
20260323_223639_demo,2026-03-23T22:02:39.119276,rappi,MX,Monterrey,MTY_03,"Av. Revolución 2300, Monterrey, Nuevo León",residential_medium,mcdonalds,McDonald's (via Rappi),True,McTrio Big Mac Mediano,McTrio Big Mac Mediano,170.98,26.52,12.36,False,,,26,41,170.98,209.86,MXN,data/screenshots/rappi_MTY_03_store_page.png,success,,store_page
20260323_223639_demo,2026-03-23T22:02:39.119276,rappi,MX,Monterrey,MTY_03,"Av. Revolución 2300, Monterrey, Nuevo León",residential_medium,mcdonalds,McDonald's (via Rappi),True,McNuggets 10 piezas,McNuggets 10 piezas,156.08,26.52,10.69,False,,,26,41,156.08,193.29,MXN,data/screenshots/rappi_MTY_03_store_page.png,success,,store_page
20260323_223639_demo,2026-03-23T22:02:39.119276,rappi,MX,Monterrey,MTY_03,"Av. Revolución 2300, Monterrey, Nuevo León",residential_medium,mcdonalds,McDonald's (via Rappi),True,Papas a la Francesa Medianas,Papas a la Francesa Medianas,62.0,26.52,3.56,False,,,26,41,62.0,92.08,MXN,data/screenshots/rappi_MTY_03_store_page.png,success,,store_page
20260323_223639_demo,2026-03-23T21:57:39.119276,uber,MX,Monterrey,MTY_03,"Av. Revolución 2300, Monterrey, Nuevo León",residential_medium,mcdonalds,McDonald's,True,Big Mac,Big Mac,107.11,31.18,10.77,False,,,28,45,107.11,149.06,MXN,data/screenshots/uber_MTY_03_store_page.png,success,,store_page
20260323_223639_demo,2026-03-23T21:57:39.119276,uber,MX,Monterrey,MTY_03,"Av. Revolución 2300, Monterrey, Nuevo León",residential_medium,mcdonalds,McDonald's,True,McTrio Big Mac Mediano,McTrio Big Mac Mediano,166.65,31.18,26.92,False,,,28,45,166.65,224.75,MXN,data/screenshots/uber_MTY_03_store_page.png,success,,store_page
20260323_223639_demo,2026-03-23T21:57:39.119276,uber,MX,Monterrey,MTY_03,"Av. Revolución 2300, Monterrey, Nuevo León",residential_medium,mcdonalds,McDonald's,True,McNuggets 10 piezas,McNuggets 10 piezas,134.39,31.18,21.16,False,,,28,45,134.39,186.73,MXN,data/screenshots/uber_MTY_03_store_page.png,success,,store_page
20260323_223639_demo,2026-03-23T21:57:39.119276,uber,MX,Monterrey,MTY_03,"Av. Revolución 2300, Monterrey, Nuevo León",residential_medium,mcdonalds,McDonald's,True,Papas a la Francesa Medianas,Papas a la Francesa Medianas,50.88,31.18,7.72,False,,,28,45,50.88,89.78,MXN,data/screenshots/uber_MTY_03_store_page.png,success,,store_page
20260323_223639_demo,2026-03-23T21:44:39.119276,didi,MX,Monterrey,MTY_03,"Av. Revolución 2300, Monterrey, Nuevo León",residential_medium,mcdonalds,McDonald's DiDi,True,Big Mac,Big Mac,110.47,21.22,11.61,False,,,31,53,110.47,143.3,MXN,data/screenshots/didi_MTY_03_store_page.png,success,,store_page
20260323_223639_demo,2026-03-23T21:44:39.119276,didi,MX,Monterrey,MTY_03,"Av. Revolución 2300, Monterrey, Nuevo León",residential_medium,mcdonalds,McDonald's DiDi,True,McTrio Big Mac Mediano,McTrio Big Mac Mediano,182.75,21.22,16.77,False,,,31,53,182.75,220.74,MXN,data/screenshots/didi_MTY_03_store_page.png,success,,store_page
20260323_223639_demo,2026-03-23T21:44:39.119276,didi,MX,Monterrey,MTY_03,"Av. Revolución 2300, Monterrey, Nuevo León",residential_medium,mcdonalds,McDonald's DiDi,True,McNuggets 10 piezas,McNuggets 10 piezas,136.74,21.22,12.49,False,,,31,53,136.74,170.45,MXN,data/screenshots/didi_MTY_03_store_page.png,success,,store_page
20260323_223639_demo,2026-03-23T21:44:39.119276,didi,MX,Monterrey,MTY_03,"Av. Revolución 2300, Monterrey, Nuevo León",residential_medium,mcdonalds,McDonald's DiDi,True,Papas a la Francesa Medianas,Papas a la Francesa Medianas,58.23,21.22,5.33,False,,,31,53,58.23,84.78,MXN,data/screenshots/didi_MTY_03_store_page.png,success,,store_page
20260323_223639_demo,2026-03-23T22:23:39.119276,rappi,MX,Monterrey,MTY_04,"Av. Lincoln 3098, Mitras Centro, Monterrey, Nuevo León",residential_medium,mcdonalds,McDonald's (via Rappi),True,Big Mac,Big Mac,119.5,37.03,11.64,True,,2x1 bebidas,23,43,119.5,168.17,MXN,data/screenshots/rappi_MTY_04_store_page.png,success,,store_page
20260323_223639_demo,2026-03-23T22:23:39.119276,rappi,MX,Monterrey,MTY_04,"Av. Lincoln 3098, Mitras Centro, Monterrey, Nuevo León",residential_medium,mcdonalds,McDonald's (via Rappi),True,McTrio Big Mac Mediano,McTrio Big Mac Mediano,177.39,37.03,18.45,True,,2x1 bebidas,23,43,177.39,232.87,MXN,data/screenshots/rappi_MTY_04_store_page.png,success,,store_page
20260323_223639_demo,2026-03-23T22:23:39.119276,rappi,MX,Monterrey,MTY_04,"Av. Lincoln 3098, Mitras Centro, Monterrey, Nuevo León",residential_medium,mcdonalds,McDonald's (via Rappi),True,McNuggets 10 piezas,McNuggets 10 piezas,141.94,37.03,5.57,True,,2x1 bebidas,23,43,141.94,184.54,MXN,data/screenshots/rappi_MTY_04_store_page.png,success,,store_page
20260323_223639_demo,2026-03-23T22:23:39.119276,rappi,MX,Monterrey,MTY_04,"Av. Lincoln 3098, Mitras Centro, Monterrey, Nuevo León",residential_medium,mcdonalds,McDonald's (via Rappi),True,Papas a la Francesa Medianas,Papas a la Francesa Medianas,52.78,37.03,2.25,True,,2x1 bebidas,23,43,52.78,92.06,MXN,data/screenshots/rappi_MTY_04_store_page.png,success,,store_page
20260323_223639_demo,2026-03-23T21:11:39.119276,uber,MX,Monterrey,MTY_04,"Av. Lincoln 3098, Mitras Centro, Monterrey, Nuevo León",residential_medium,mcdonalds,McDonald's,True,Big Mac,Big Mac,97.15,25.89,17.83,True,,Buy 1 Get 1,26,46,97.15,140.87,MXN,data/screenshots/uber_MTY_04_store_page.png,success,,store_page
20260323_223639_demo,2026-03-23T21:11:39.119276,uber,MX,Monterrey,MTY_04,"Av. Lincoln 3098, Mitras Centro, Monterrey, Nuevo León",residential_medium,mcdonalds,McDonald's,True,McTrio Big Mac Mediano,McTrio Big Mac Mediano,179.02,25.89,26.07,True,,Buy 1 Get 1,26,46,179.02,230.98,MXN,data/screenshots/uber_MTY_04_store_page.png,success,,store_page
20260323_223639_demo,2026-03-23T21:11:39.119276,uber,MX,Monterrey,MTY_04,"Av. Lincoln 3098, Mitras Centro, Monterrey, Nuevo León",residential_medium,mcdonalds,McDonald's,True,McNuggets 10 piezas,McNuggets 10 piezas,143.68,25.89,15.2,True,,Buy 1 Get 1,26,46,143.68,184.77,MXN,data/screenshots/uber_MTY_04_store_page.png,success,,store_page
20260323_223639_demo,2026-03-23T21:11:39.119276,uber,MX,Monterrey,MTY_04,"Av. Lincoln 3098, Mitras Centro, Monterrey, Nuevo León",residential_medium,mcdonalds,McDonald's,True,Papas a la Francesa Medianas,Papas a la Francesa Medianas,55.08,25.89,9.11,True,,Buy 1 Get 1,26,46,55.08,90.08,MXN,data/screenshots/uber_MTY_04_store_page.png,success,,store_page
20260323_223639_demo,2026-03-23T20:15:39.119276,didi,MX,Monterrey,MTY_04,"Av. Lincoln 3098, Mitras Centro, Monterrey, Nuevo León",residential_medium,mcdonalds,McDonald's DiDi,True,Big Mac,Big Mac,87.0,0.0,10.69,True,,30% en tu primer pedido,33,55,87.0,97.69,MXN,data/screenshots/didi_MTY_04_store_page.png,success,,store_page
20260323_223639_demo,2026-03-23T20:15:39.119276,didi,MX,Monterrey,MTY_04,"Av. Lincoln 3098, Mitras Centro, Monterrey, Nuevo León",residential_medium,mcdonalds,McDonald's DiDi,True,McTrio Big Mac Mediano,McTrio Big Mac Mediano,182.76,0.0,16.76,True,,30% en tu primer pedido,33,55,182.76,199.52,MXN,data/screenshots/didi_MTY_04_store_page.png,success,,store_page
20260323_223639_demo,2026-03-23T20:15:39.119276,didi,MX,Monterrey,MTY_04,"Av. Lincoln 3098, Mitras Centro, Monterrey, Nuevo León",residential_medium,mcdonalds,McDonald's DiDi,True,McNuggets 10 piezas,McNuggets 10 piezas,149.06,0.0,21.68,True,,30% en tu primer pedido,33,55,149.06,170.74,MXN,data/screenshots/didi_MTY_04_store_page.png,success,,store_page
20260323_223639_demo,2026-03-23T20:15:39.119276,didi,MX,Monterrey,MTY_04,"Av. Lincoln 3098, Mitras Centro, Monterrey, Nuevo León",residential_medium,mcdonalds,McDonald's DiDi,True,Papas a la Francesa Medianas,Papas a la Francesa Medianas,56.95,0.0,5.98,True,,30% en tu primer pedido,33,55,56.95,62.93,MXN,data/screenshots/didi_MTY_04_store_page.png,success,,store_page
20260323_223639_demo,2026-03-23T20:17:39.119276,rappi,MX,Monterrey,MTY_05,"Carretera Nacional Km 18, Santiago, Nuevo León",peripheral,mcdonalds,McDonald's (via Rappi),True,Big Mac,Big Mac,94.0,41.33,9.08,True,,20% descuento,32,54,94.0,144.41,MXN,data/screenshots/rappi_MTY_05_store_page.png,success,,store_page
20260323_223639_demo,2026-03-23T20:17:39.119276,rappi,MX,Monterrey,MTY_05,"Carretera Nacional Km 18, Santiago, Nuevo León",peripheral,mcdonalds,McDonald's (via Rappi),True,McTrio Big Mac Mediano,McTrio Big Mac Mediano,167.33,41.33,13.63,True,,20% descuento,32,54,167.33,222.29,MXN,data/screenshots/rappi_MTY_05_store_page.png,success,,store_page
20260323_223639_demo,2026-03-23T20:17:39.119276,rappi,MX,Monterrey,MTY_05,"Carretera Nacional Km 18, Santiago, Nuevo León",peripheral,mcdonalds,McDonald's (via Rappi),True,McNuggets 10 piezas,McNuggets 10 piezas,138.26,41.33,12.39,True,,20% descuento,32,54,138.26,191.98,MXN,data/screenshots/rappi_MTY_05_store_page.png,success,,store_page
20260323_223639_demo,2026-03-23T20:17:39.119276,rappi,MX,Monterrey,MTY_05,"Carretera Nacional Km 18, Santiago, Nuevo León",peripheral,mcdonalds,McDonald's (via Rappi),True,Papas a la Francesa Medianas,Papas a la Francesa Medianas,58.31,41.33,5.87,True,,20% descuento,32,54,58.31,105.51,MXN,data/screenshots/rappi_MTY_05_store_page.png,success,,store_page
20260323_223639_demo,2026-03-23T22:26:39.119276,uber,MX,Monterrey,MTY_05,"Carretera Nacional Km 18, Santiago, Nuevo León",peripheral,mcdonalds,McDonald's,True,Big Mac,Big Mac,93.15,34.43,12.15,False,,,39,61,93.15,139.73,MXN,data/screenshots/uber_MTY_05_store_page.png,success,,store_page
20260323_223639_demo,2026-03-23T22:26:39.119276,uber,MX,Monterrey,MTY_05,"Carretera Nacional Km 18, Santiago, Nuevo León",peripheral,mcdonalds,McDonald's,True,McTrio Big Mac Mediano,McTrio Big Mac Mediano,166.95,34.43,26.3,False,,,39,61,166.95,227.68,MXN,data/screenshots/uber_MTY_05_store_page.png,success,,store_page
20260323_223639_demo,2026-03-23T22:26:39.119276,uber,MX,Monterrey,MTY_05,"Carretera Nacional Km 18, Santiago, Nuevo León",peripheral,mcdonalds,McDonald's,True,McNuggets 10 piezas,McNuggets 10 piezas,140.25,34.43,18.45,False,,,39,61,140.25,193.13,MXN,data/screenshots/uber_MTY_05_store_page.png,success,,store_page
20260323_223639_demo,2026-03-23T22:26:39.119276,uber,MX,Monterrey,MTY_05,"Carretera Nacional Km 18, Santiago, Nuevo León",peripheral,mcdonalds,McDonald's,True,Papas a la Francesa Medianas,Papas a la Francesa Medianas,57.15,34.43,10.12,False,,,39,61,57.15,101.7,MXN,data/screenshots/uber_MTY_05_store_page.png,success,,store_page
20260323_223639_demo,2026-03-23T22:26:39.119276,didi,MX,Monterrey,MTY_05,"Carretera Nacional Km 18, Santiago, Nuevo León",peripheral,mcdonalds,McDonald's DiDi,True,Big Mac,Big Mac,114.81,32.48,9.7,False,,,44,68,114.81,156.99,MXN,data/screenshots/didi_MTY_05_store_page.png,success,,store_page
20260323_223639_demo,2026-03-23T22:26:39.119276,didi,MX,Monterrey,MTY_05,"Carretera Nacional Km 18, Santiago, Nuevo León",peripheral,mcdonalds,McDonald's DiDi,True,McTrio Big Mac Mediano,McTrio Big Mac Mediano,158.54,32.48,10.21,False,,,44,68,158.54,201.23,MXN,data/screenshots/didi_MTY_05_store_page.png,success,,store_page
20260323_223639_demo,2026-03-23T22:26:39.119276,didi,MX,Monterrey,MTY_05,"Carretera Nacional Km 18, Santiago, Nuevo León",peripheral,mcdonalds,McDonald's DiDi,True,McNuggets 10 piezas,McNuggets 10 piezas,155.66,32.48,17.6,False,,,44,68,155.66,205.74,MXN,data/screenshots/didi_MTY_05_store_page.png,success,,store_page
20260323_223639_demo,2026-03-23T22:26:39.119276,didi,MX,Monterrey,MTY_05,"Carretera Nacional Km 18, Santiago, Nuevo León",peripheral,mcdonalds,McDonald's DiDi,True,Papas a la Francesa Medianas,Papas a la Francesa Medianas,54.39,32.48,5.74,False,,,44,68,54.39,92.61,MXN,data/screenshots/didi_MTY_05_store_page.png,success,,store_page
20260323_223639_demo,2026-03-23T21:06:39.119276,rappi,MX,Monterrey,MTY_06,"Av. Morones Prieto 2900, Lomas del Valle, San Pedro, Nuevo León",premium,mcdonalds,McDonald's (via Rappi),True,Big Mac,Big Mac,129.82,23.37,10.72,False,,,23,36,129.82,163.91,MXN,data/screenshots/rappi_MTY_06_store_page.png,success,,store_page
20260323_223639_demo,2026-03-23T21:06:39.119276,rappi,MX,Monterrey,MTY_06,"Av. Morones Prieto 2900, Lomas del Valle, San Pedro, Nuevo León",premium,mcdonalds,McDonald's (via Rappi),True,McTrio Big Mac Mediano,McTrio Big Mac Mediano,195.56,23.37,18.48,False,,,23,36,195.56,237.41,MXN,data/screenshots/rappi_MTY_06_store_page.png,success,,store_page
20260323_223639_demo,2026-03-23T21:06:39.119276,rappi,MX,Monterrey,MTY_06,"Av. Morones Prieto 2900, Lomas del Valle, San Pedro, Nuevo León",premium,mcdonalds,McDonald's (via Rappi),True,McNuggets 10 piezas,McNuggets 10 piezas,161.26,23.37,13.62,False,,,23,36,161.26,198.25,MXN,data/screenshots/rappi_MTY_06_store_page.png,success,,store_page
20260323_223639_demo,2026-03-23T21:06:39.119276,rappi,MX,Monterrey,MTY_06,"Av. Morones Prieto 2900, Lomas del Valle, San Pedro, Nuevo León",premium,mcdonalds,McDonald's (via Rappi),True,Papas a la Francesa Medianas,Papas a la Francesa Medianas,58.0,23.37,5.19,False,,,23,36,58.0,86.56,MXN,data/screenshots/rappi_MTY_06_store_page.png,success,,store_page
20260323_223639_demo,2026-03-23T21:36:39.119276,uber,MX,Monterrey,MTY_06,"Av. Morones Prieto 2900, Lomas del Valle, San Pedro, Nuevo León",premium,mcdonalds,McDonald's,True,Big Mac,Big Mac,113.37,26.53,20.62,True,25.0,$25 de descuento,19,30,113.37,135.52,MXN,data/screenshots/uber_MTY_06_store_page.png,success,,store_page
20260323_223639_demo,2026-03-23T21:36:39.119276,uber,MX,Monterrey,MTY_06,"Av. Morones Prieto 2900, Lomas del Valle, San Pedro, Nuevo León",premium,mcdonalds,McDonald's,True,McTrio Big Mac Mediano,McTrio Big Mac Mediano,182.33,26.53,23.74,True,25.0,$25 de descuento,19,30,182.33,207.6,MXN,data/screenshots/uber_MTY_06_store_page.png,success,,store_page
20260323_223639_demo,2026-03-23T21:36:39.119276,uber,MX,Monterrey,MTY_06,"Av. Morones Prieto 2900, Lomas del Valle, San Pedro, Nuevo León",premium,mcdonalds,McDonald's,True,McNuggets 10 piezas,McNuggets 10 piezas,144.82,26.53,21.88,True,25.0,$25 de descuento,19,30,144.82,168.23,MXN,data/screenshots/uber_MTY_06_store_page.png,success,,store_page
20260323_223639_demo,2026-03-23T21:36:39.119276,uber,MX,Monterrey,MTY_06,"Av. Morones Prieto 2900, Lomas del Valle, San Pedro, Nuevo León",premium,mcdonalds,McDonald's,True,Papas a la Francesa Medianas,Papas a la Francesa Medianas,63.22,26.53,7.34,True,25.0,$25 de descuento,19,30,63.22,72.09,MXN,data/screenshots/uber_MTY_06_store_page.png,success,,store_page
20260323_223639_demo,2026-03-23T20:51:39.119276,didi,MX,Monterrey,MTY_06,"Av. Morones Prieto 2900, Lomas del Valle, San Pedro, Nuevo León",premium,mcdonalds,McDonald's DiDi,True,Big Mac,Big Mac,120.87,0.0,11.71,False,,,22,37,120.87,132.58,MXN,data/screenshots/didi_MTY_06_store_page.png,success,,store_page
20260323_223639_demo,2026-03-23T20:51:39.119276,didi,MX,Monterrey,MTY_06,"Av. Morones Prieto 2900, Lomas del Valle, San Pedro, Nuevo León",premium,mcdonalds,McDonald's DiDi,True,McTrio Big Mac Mediano,McTrio Big Mac Mediano,185.55,0.0,14.8,False,,,22,37,185.55,200.35,MXN,data/screenshots/didi_MTY_06_store_page.png,success,,store_page
20260323_223639_demo,2026-03-23T20:51:39.119276,didi,MX,Monterrey,MTY_06,"Av. Morones Prieto 2900, Lomas del Valle, San Pedro, Nuevo León",premium,mcdonalds,McDonald's DiDi,True,McNuggets 10 piezas,McNuggets 10 piezas,134.05,0.0,15.61,False,,,22,37,134.05,149.66,MXN,data/screenshots/didi_MTY_06_store_page.png,success,,store_page
20260323_223639_demo,2026-03-23T20:51:39.119276,didi,MX,Monterrey,MTY_06,"Av. Morones Prieto 2900, Lomas del Valle, San Pedro, Nuevo León",premium,mcdonalds,McDonald's DiDi,True,Papas a la Francesa Medianas,Papas a la Francesa Medianas,60.29,0.0,4.47,False,,,22,37,60.29,64.76,MXN,data/screenshots/didi_MTY_06_store_page.png,success,,store_page
